-- MySQL dump 10.13  Distrib 8.0.23, for Linux (x86_64)
--
-- Host: localhost    Database: example
-- ------------------------------------------------------
-- Server version	8.0.23-0ubuntu0.20.04.1

/*!40101 SET @OLD_CHARACTER_SET_CLIENT=@@CHARACTER_SET_CLIENT */;
/*!40101 SET @OLD_CHARACTER_SET_RESULTS=@@CHARACTER_SET_RESULTS */;
/*!40101 SET @OLD_COLLATION_CONNECTION=@@COLLATION_CONNECTION */;
/*!50503 SET NAMES utf8mb4 */;
/*!40103 SET @OLD_TIME_ZONE=@@TIME_ZONE */;
/*!40103 SET TIME_ZONE='+00:00' */;
/*!40014 SET @OLD_UNIQUE_CHECKS=@@UNIQUE_CHECKS, UNIQUE_CHECKS=0 */;
/*!40014 SET @OLD_FOREIGN_KEY_CHECKS=@@FOREIGN_KEY_CHECKS, FOREIGN_KEY_CHECKS=0 */;
/*!40101 SET @OLD_SQL_MODE=@@SQL_MODE, SQL_MODE='NO_AUTO_VALUE_ON_ZERO' */;
/*!40111 SET @OLD_SQL_NOTES=@@SQL_NOTES, SQL_NOTES=0 */;

--
-- Table structure for table `communities`
--

DROP TABLE IF EXISTS `communities`;
/*!40101 SET @saved_cs_client     = @@character_set_client */;
/*!50503 SET character_set_client = utf8mb4 */;
CREATE TABLE `communities` (
  `id` int unsigned NOT NULL AUTO_INCREMENT COMMENT 'Идентификатор сроки',
  `name` varchar(150) CHARACTER SET utf8mb4 COLLATE utf8mb4_unicode_ci NOT NULL COMMENT 'Название группы',
  `created_at` datetime DEFAULT CURRENT_TIMESTAMP COMMENT 'Время создания строки',
  `updated_at` datetime DEFAULT CURRENT_TIMESTAMP ON UPDATE CURRENT_TIMESTAMP COMMENT 'Время обновления строки',
  PRIMARY KEY (`id`),
  UNIQUE KEY `name` (`name`)
) ENGINE=InnoDB AUTO_INCREMENT=101 DEFAULT CHARSET=utf8mb4 COLLATE=utf8mb4_unicode_ci COMMENT='Группы';
/*!40101 SET character_set_client = @saved_cs_client */;

--
-- Dumping data for table `communities`
--

LOCK TABLES `communities` WRITE;
/*!40000 ALTER TABLE `communities` DISABLE KEYS */;
INSERT INTO `communities` VALUES (1,'non','2020-04-19 11:55:03','2018-05-18 21:33:18'),(2,'sed','2011-07-10 15:03:33','2018-09-17 18:47:49'),(3,'ut','2017-03-26 10:22:52','2016-07-01 06:24:00'),(4,'vitae','2015-07-03 09:38:46','2018-02-05 06:33:01'),(5,'autem','2017-06-14 04:30:36','2015-06-03 02:24:43'),(6,'id','2019-02-28 04:44:31','2014-08-03 20:04:25'),(7,'est','2015-04-27 03:16:19','2019-01-31 03:02:02'),(8,'nesciunt','2013-01-16 12:42:59','2018-02-21 04:15:31'),(9,'vel','2011-10-05 17:57:35','2013-11-19 17:47:08'),(10,'voluptatem','2013-10-18 15:35:16','2017-12-23 02:56:35'),(11,'rerum','2011-11-20 23:58:38','2014-01-27 13:59:17'),(12,'ullam','2016-04-26 05:21:43','2011-08-26 11:33:48'),(13,'iusto','2012-08-24 04:12:02','2015-07-06 21:17:47'),(14,'occaecati','2018-01-04 02:59:48','2019-01-14 08:38:30'),(15,'iure','2018-03-23 17:08:36','2020-10-14 06:37:45'),(16,'esse','2019-08-27 14:03:48','2019-11-19 12:55:13'),(17,'in','2020-09-29 02:44:36','2019-09-02 00:08:23'),(18,'exercitationem','2012-03-11 17:40:48','2013-10-23 20:04:39'),(19,'odit','2012-10-29 19:20:07','2018-08-10 18:30:59'),(20,'fuga','2011-07-21 07:04:45','2018-03-09 04:35:55');
/*!40000 ALTER TABLE `communities` ENABLE KEYS */;
UNLOCK TABLES;

--
-- Table structure for table `communities_users`
--

DROP TABLE IF EXISTS `communities_users`;
/*!40101 SET @saved_cs_client     = @@character_set_client */;
/*!50503 SET character_set_client = utf8mb4 */;
CREATE TABLE `communities_users` (
  `community_id` int unsigned NOT NULL COMMENT 'Ссылка на группу',
  `user_id` int unsigned NOT NULL COMMENT 'Ссылка на пользователя',
  `created_at` datetime DEFAULT CURRENT_TIMESTAMP COMMENT 'Время создания строки',
  PRIMARY KEY (`community_id`,`user_id`) COMMENT 'Составной первичный ключ'
) ENGINE=InnoDB DEFAULT CHARSET=utf8mb4 COLLATE=utf8mb4_unicode_ci COMMENT='Участники групп, связь между пользователями и группами';
/*!40101 SET character_set_client = @saved_cs_client */;

--
-- Dumping data for table `communities_users`
--

LOCK TABLES `communities_users` WRITE;
/*!40000 ALTER TABLE `communities_users` DISABLE KEYS */;
INSERT INTO `communities_users` VALUES (1,6,'2015-06-30 00:03:26'),(1,26,'2017-05-01 09:15:41'),(2,65,'2014-12-21 11:29:19'),(3,57,'2013-02-19 00:59:32'),(5,89,'2016-07-03 00:39:38'),(6,62,'2020-02-25 15:51:48'),(6,91,'2013-03-23 07:33:10'),(7,5,'2015-07-26 15:39:55'),(7,32,'2011-10-04 19:07:30'),(8,89,'2017-08-30 23:21:55'),(9,71,'2019-08-25 02:38:07'),(10,5,'2015-05-11 08:28:05'),(13,11,'2017-05-23 09:23:34'),(13,90,'2012-06-17 19:04:45'),(16,50,'2013-04-03 04:40:52'),(17,74,'2017-12-06 12:48:07'),(18,82,'2020-03-06 01:46:48'),(18,93,'2013-01-23 19:32:51'),(20,37,'2018-10-11 06:15:19'),(21,45,'2015-10-22 14:00:10'),(21,48,'2016-01-09 00:47:27'),(22,24,'2015-02-04 11:01:48'),(23,34,'2020-04-12 00:02:02'),(25,47,'2021-02-15 19:03:15'),(25,100,'2012-02-26 20:51:19'),(27,2,'2011-11-05 18:22:45'),(27,19,'2020-02-19 20:26:50'),(27,72,'2016-11-23 21:42:09'),(27,99,'2013-01-04 18:05:03'),(28,24,'2015-03-09 06:02:58'),(30,76,'2015-09-17 06:13:38'),(31,19,'2014-01-17 18:15:12'),(31,58,'2015-08-10 14:24:27'),(31,97,'2017-01-17 18:44:12'),(32,71,'2017-07-07 02:48:20'),(33,13,'2020-10-08 08:07:47'),(33,23,'2016-11-17 11:47:33'),(34,7,'2021-02-19 05:16:33'),(34,71,'2017-06-28 20:19:36'),(35,15,'2018-08-23 15:27:08'),(38,31,'2013-07-06 17:55:06'),(38,82,'2020-11-23 12:03:23'),(38,93,'2021-02-02 05:41:03'),(39,63,'2011-05-04 15:55:45'),(39,87,'2011-04-20 06:56:40'),(40,79,'2017-07-10 02:50:50'),(41,3,'2012-02-13 06:18:32'),(41,20,'2017-10-29 22:50:37'),(42,65,'2019-03-04 09:50:01'),(44,50,'2018-05-17 20:43:58'),(44,76,'2015-03-21 19:13:58'),(45,80,'2020-11-28 00:25:10'),(46,91,'2015-10-24 13:10:50'),(47,25,'2014-01-16 03:46:36'),(47,42,'2011-08-10 19:36:48'),(48,71,'2017-11-01 18:25:06'),(48,77,'2018-09-01 04:12:07'),(50,72,'2019-11-09 06:33:03'),(51,53,'2012-08-31 21:09:06'),(52,52,'2011-12-10 23:22:21'),(54,30,'2014-06-03 02:17:12'),(54,84,'2019-01-11 00:42:24'),(54,91,'2016-04-12 07:44:36'),(55,37,'2013-08-06 23:12:22'),(56,52,'2017-06-14 04:48:35'),(58,54,'2019-08-26 07:27:15'),(61,74,'2013-04-13 05:58:19'),(63,82,'2020-07-29 10:16:45'),(65,19,'2013-01-03 15:36:11'),(67,67,'2019-11-24 19:44:23'),(70,15,'2018-11-11 20:15:59'),(71,55,'2020-11-13 08:09:07'),(75,2,'2016-04-15 12:51:56'),(75,74,'2013-12-19 18:44:22'),(75,85,'2014-10-01 17:56:09'),(76,57,'2020-07-17 00:43:08'),(77,3,'2018-09-28 14:04:02'),(78,43,'2016-06-30 06:32:03'),(78,70,'2016-02-28 05:04:08'),(78,90,'2020-07-21 13:03:27'),(79,46,'2011-04-20 05:54:52'),(81,16,'2012-05-21 13:11:38'),(82,33,'2014-06-28 14:55:35'),(82,34,'2017-06-17 23:29:51'),(86,23,'2020-05-22 17:50:53'),(90,53,'2016-09-21 11:54:59'),(91,97,'2014-07-29 17:21:17'),(92,36,'2014-11-18 12:25:43'),(92,85,'2017-05-15 19:57:33'),(93,59,'2013-09-19 06:03:01'),(94,53,'2013-04-29 16:31:12'),(95,20,'2014-05-17 12:29:50'),(96,34,'2015-01-19 22:35:14'),(96,39,'2014-02-08 09:31:49'),(96,98,'2018-08-11 18:39:40'),(100,20,'2015-02-11 00:01:05'),(100,93,'2014-06-22 05:45:18'),(100,98,'2014-09-27 05:51:36');
/*!40000 ALTER TABLE `communities_users` ENABLE KEYS */;
UNLOCK TABLES;

--
-- Table structure for table `friendship`
--

DROP TABLE IF EXISTS `friendship`;
/*!40101 SET @saved_cs_client     = @@character_set_client */;
/*!50503 SET character_set_client = utf8mb4 */;
CREATE TABLE `friendship` (
  `user_id` int unsigned NOT NULL COMMENT 'Ссылка на инициатора дружеских отношений',
  `friend_id` int unsigned NOT NULL COMMENT 'Ссылка на получателя приглашения дружить',
  `friendship_status_id` int unsigned NOT NULL COMMENT 'Ссылка на статус (текущее состояние) отношений',
  `requested_at` datetime DEFAULT CURRENT_TIMESTAMP COMMENT 'Время отправления приглашения дружить',
  `confirmed_at` datetime DEFAULT NULL COMMENT 'Время подтверждения приглашения',
  `created_at` datetime DEFAULT CURRENT_TIMESTAMP COMMENT 'Время создания строки',
  `updated_at` datetime DEFAULT CURRENT_TIMESTAMP ON UPDATE CURRENT_TIMESTAMP COMMENT 'Время обновления строки',
  PRIMARY KEY (`user_id`,`friend_id`) COMMENT 'Составной первичный ключ'
) ENGINE=InnoDB DEFAULT CHARSET=utf8mb4 COLLATE=utf8mb4_unicode_ci COMMENT='Таблица дружбы';
/*!40101 SET character_set_client = @saved_cs_client */;

--
-- Dumping data for table `friendship`
--

LOCK TABLES `friendship` WRITE;
/*!40000 ALTER TABLE `friendship` DISABLE KEYS */;
INSERT INTO `friendship` VALUES (1,52,2,'2018-01-01 00:00:00','2014-03-21 21:13:24','2013-11-22 21:41:57','2021-02-22 22:38:00'),(1,69,2,'2018-01-01 00:00:00','2011-05-25 08:54:40','2016-07-28 16:06:26','2021-02-22 22:38:00'),(2,32,1,'2018-01-01 00:00:00','2013-09-28 04:53:58','2016-12-17 11:31:29','2021-02-22 22:38:00'),(2,89,3,'2018-01-01 00:00:00','2015-01-04 19:36:21','2016-12-27 14:15:39','2021-02-22 22:38:00'),(4,5,3,'2018-01-01 00:00:00','2015-06-21 11:10:21','2011-10-19 03:18:32','2021-02-22 22:37:33'),(5,97,3,'2018-01-01 00:00:00','2012-11-23 19:09:18','2014-06-04 07:49:22','2021-02-22 22:38:00'),(6,37,3,'2018-01-01 00:00:00','2012-03-08 13:22:29','2015-09-09 16:46:52','2021-02-22 22:38:00'),(6,69,2,'2018-01-01 00:00:00','2012-07-19 08:20:19','2015-11-30 09:36:37','2021-02-22 22:38:00'),(7,36,3,'2018-01-01 00:00:00','2014-11-03 12:48:14','2016-05-25 03:09:53','2021-02-22 22:38:00'),(9,77,1,'2018-01-01 00:00:00','2015-10-07 04:07:40','2011-05-14 08:16:07','2021-02-22 22:38:00'),(10,77,3,'2018-01-01 00:00:00','2011-10-14 02:53:23','2012-02-26 07:40:53','2021-02-22 22:38:00'),(11,37,3,'2018-01-01 00:00:00','2016-12-11 13:50:23','2016-10-18 23:30:40','2013-12-17 02:55:50'),(11,49,2,'2018-01-01 00:00:00','2012-02-03 19:00:34','2014-11-05 03:18:28','2021-02-22 22:38:00'),(11,85,1,'2018-01-01 00:00:00','2011-11-05 19:28:36','2012-03-25 02:45:24','2021-02-22 22:38:00'),(12,50,3,'2018-01-01 00:00:00','2014-08-16 20:55:22','2013-09-24 02:31:58','2021-02-22 22:38:00'),(17,94,3,'2018-01-01 00:00:00','2014-10-27 10:44:32','2016-08-25 10:50:04','2017-07-27 19:33:41'),(18,75,3,'2018-01-01 00:00:00','2011-10-28 06:45:12','2011-12-16 01:33:02','2021-02-22 22:38:00'),(20,10,2,'2018-01-01 00:00:00','2012-09-09 05:15:18','2015-08-28 22:14:34','2021-02-22 22:38:00'),(21,31,2,'2018-01-01 00:00:00','2016-08-16 15:52:09','2016-02-25 14:45:48','2021-02-22 22:38:00'),(23,37,1,'2018-01-01 00:00:00','2014-02-20 11:08:33','2011-06-24 16:48:11','2021-02-22 22:38:00'),(23,50,1,'2018-01-01 00:00:00','2014-11-06 20:28:48','2015-03-14 10:55:02','2012-04-20 12:47:19'),(24,28,1,'2018-01-01 00:00:00','2016-09-15 03:02:59','2016-12-07 15:18:32','2021-02-22 22:38:00'),(24,54,3,'2018-01-01 00:00:00','2014-06-04 23:21:27','2015-12-26 13:04:08','2013-08-22 13:53:59'),(24,85,1,'2018-01-01 00:00:00','2013-12-30 01:22:18','2015-06-01 03:41:33','2017-04-26 23:38:21'),(25,67,2,'2018-01-01 00:00:00','2013-09-01 06:43:41','2012-05-21 04:45:25','2017-09-08 17:02:17'),(25,78,1,'2018-01-01 00:00:00','2016-01-20 09:17:47','2016-05-26 19:36:32','2021-02-22 22:38:00'),(26,8,1,'2018-01-01 00:00:00','2013-11-24 22:15:00','2011-03-26 19:17:38','2021-02-22 22:38:00'),(27,90,2,'2018-01-01 00:00:00','2015-05-10 20:18:25','2012-11-16 11:14:13','2021-02-22 22:38:00'),(27,92,1,'2018-01-01 00:00:00','2012-01-12 20:04:56','2014-10-27 11:32:17','2021-02-22 22:38:00'),(28,45,3,'2018-01-01 00:00:00','2016-06-26 07:10:50','2013-04-17 21:50:32','2021-02-22 22:38:00'),(29,37,2,'2018-01-01 00:00:00','2016-04-11 09:49:28','2013-01-16 04:51:12','2021-02-22 22:38:00'),(29,99,1,'2018-01-01 00:00:00','2015-04-10 03:15:55','2016-12-20 06:20:19','2021-02-22 22:38:00'),(31,2,3,'2018-01-01 00:00:00','2013-10-22 23:00:43','2012-04-18 20:47:36','2021-02-22 22:38:00'),(31,79,1,'2018-01-01 00:00:00','2012-03-17 15:01:07','2015-05-29 11:01:31','2021-02-22 22:38:00'),(34,57,3,'2018-01-01 00:00:00','2012-01-24 04:48:15','2012-08-26 16:13:52','2021-02-22 22:38:00'),(36,92,3,'2018-01-01 00:00:00','2014-07-23 15:34:31','2014-02-10 14:48:44','2021-02-22 22:38:00'),(36,93,1,'2018-01-01 00:00:00','2012-10-17 17:14:03','2014-08-13 12:15:55','2011-07-12 15:56:47'),(37,84,2,'2018-01-01 00:00:00','2012-08-04 12:02:47','2013-05-19 20:41:52','2021-02-22 22:38:00'),(40,8,1,'2018-01-01 00:00:00','2012-10-16 00:34:59','2014-01-28 09:24:45','2021-02-22 22:38:00'),(40,79,1,'2018-01-01 00:00:00','2011-06-07 17:45:34','2012-12-23 06:22:44','2012-04-01 04:09:37'),(40,90,2,'2018-01-01 00:00:00','2011-11-19 00:02:42','2011-11-13 04:07:59','2016-09-26 19:27:05'),(41,72,3,'2018-01-01 00:00:00','2014-11-19 01:49:31','2011-12-24 01:19:26','2021-02-22 22:38:00'),(42,40,2,'2018-01-01 00:00:00','2013-08-28 05:55:27','2014-04-19 13:18:11','2021-02-22 22:38:00'),(43,100,1,'2018-01-01 00:00:00','2015-08-31 01:11:14','2016-03-05 22:00:14','2021-02-22 22:38:00'),(47,38,2,'2018-01-01 00:00:00','2015-08-28 21:59:54','2014-02-10 19:21:54','2021-02-22 22:38:00'),(48,45,1,'2018-01-01 00:00:00','2016-01-08 08:08:56','2016-12-18 11:16:34','2021-02-22 22:38:00'),(49,50,3,'2018-01-01 00:00:00','2016-12-19 06:45:12','2013-05-19 05:19:02','2021-02-22 22:38:00'),(50,61,1,'2018-01-01 00:00:00','2014-10-29 07:27:23','2014-08-20 10:34:56','2021-02-22 22:38:00'),(50,77,1,'2018-01-01 00:00:00','2016-12-20 20:00:06','2012-11-25 11:51:09','2021-02-22 22:38:00'),(51,48,1,'2018-01-01 00:00:00','2015-01-15 10:00:24','2015-01-25 08:03:16','2021-02-22 22:38:00'),(54,2,1,'2018-01-01 00:00:00','2016-03-09 11:18:14','2015-11-24 22:28:22','2015-11-26 14:01:53'),(54,39,1,'2018-01-01 00:00:00','2016-02-19 20:43:12','2016-12-27 09:36:35','2021-02-22 22:38:00'),(54,64,3,'2018-01-01 00:00:00','2012-02-23 17:52:48','2014-11-22 06:23:20','2021-02-22 22:38:00'),(54,67,1,'2018-01-01 00:00:00','2012-01-27 18:23:41','2016-01-28 03:23:52','2021-02-22 22:38:00'),(54,98,2,'2018-01-01 00:00:00','2013-01-26 12:23:14','2015-10-31 14:07:32','2021-02-22 22:38:00'),(55,89,1,'2018-01-01 00:00:00','2016-09-21 18:37:32','2015-10-02 06:31:46','2021-02-22 22:38:00'),(56,1,1,'2018-01-01 00:00:00','2016-01-17 13:11:00','2013-12-21 10:28:50','2021-02-22 22:38:00'),(57,12,3,'2018-01-01 00:00:00','2016-10-01 07:29:36','2014-02-04 22:16:12','2021-02-22 22:38:00'),(57,14,3,'2018-01-01 00:00:00','2014-02-12 18:52:59','2015-07-16 13:43:16','2021-02-22 22:38:00'),(57,35,1,'2018-01-01 00:00:00','2012-12-06 02:40:57','2011-04-06 06:43:16','2021-02-22 22:38:00'),(57,58,2,'2018-01-01 00:00:00','2011-04-04 08:41:16','2016-11-01 18:52:57','2021-02-22 22:38:00'),(59,7,3,'2018-01-01 00:00:00','2012-03-07 22:47:11','2012-07-30 02:59:46','2021-02-22 22:38:00'),(61,14,3,'2018-01-01 00:00:00','2013-05-31 10:36:41','2011-11-24 20:12:49','2016-01-09 18:14:53'),(64,20,1,'2018-01-01 00:00:00','2011-12-15 11:43:39','2013-01-20 02:31:01','2014-09-06 20:18:46'),(66,60,1,'2018-01-01 00:00:00','2013-05-11 16:09:19','2015-01-23 14:35:46','2021-02-22 22:38:00'),(67,7,3,'2018-01-01 00:00:00','2014-08-13 18:57:37','2013-10-01 21:24:58','2021-02-22 22:38:00'),(67,61,3,'2018-01-01 00:00:00','2014-04-17 13:16:29','2012-09-01 00:20:30','2021-02-22 22:38:00'),(68,69,1,'2018-01-01 00:00:00','2016-09-18 14:00:13','2016-07-17 02:23:07','2021-02-22 22:38:00'),(71,25,3,'2018-01-01 00:00:00','2011-05-10 11:29:44','2015-09-03 09:08:12','2016-03-26 15:24:24'),(71,64,2,'2018-01-01 00:00:00','2016-04-17 10:11:52','2015-07-10 10:52:48','2016-12-30 09:31:23'),(71,66,2,'2018-01-01 00:00:00','2011-12-19 23:54:58','2011-03-04 08:35:26','2013-06-17 19:54:52'),(73,17,3,'2018-01-01 00:00:00','2013-01-05 02:16:54','2013-04-05 02:27:10','2021-02-22 22:38:00'),(73,54,2,'2018-01-01 00:00:00','2012-01-07 20:36:42','2013-08-17 17:23:01','2021-02-22 22:38:00'),(73,67,2,'2018-01-01 00:00:00','2015-10-04 23:34:53','2013-04-10 21:44:56','2021-02-22 22:38:00'),(74,66,3,'2018-01-01 00:00:00','2015-02-12 20:54:58','2012-06-02 16:23:41','2021-02-22 22:38:00'),(76,65,1,'2018-01-01 00:00:00','2016-01-18 10:41:51','2016-07-16 10:55:09','2021-02-22 22:38:00'),(78,13,1,'2018-01-01 00:00:00','2013-11-29 09:21:35','2016-04-12 04:30:47','2021-02-22 22:38:00'),(78,14,1,'2018-01-01 00:00:00','2015-06-19 06:54:18','2012-06-17 13:15:09','2021-02-22 22:38:00'),(79,21,3,'2018-01-01 00:00:00','2016-08-28 17:29:46','2014-01-28 17:23:56','2021-02-22 22:38:00'),(79,47,3,'2018-01-01 00:00:00','2015-03-25 03:53:59','2013-12-02 00:37:01','2017-01-18 06:02:18'),(80,37,2,'2018-01-01 00:00:00','2012-10-24 23:06:41','2013-06-09 06:06:05','2021-02-22 22:38:00'),(81,31,2,'2018-01-01 00:00:00','2015-07-26 02:54:39','2014-01-20 22:34:10','2015-07-12 06:42:42'),(81,88,3,'2018-01-01 00:00:00','2015-02-19 23:02:39','2014-04-01 14:18:57','2017-01-10 02:00:48'),(83,58,1,'2018-01-01 00:00:00','2011-11-07 09:27:22','2012-05-18 07:51:10','2017-12-21 12:10:10'),(86,45,3,'2018-01-01 00:00:00','2013-09-28 12:42:13','2011-11-19 00:17:27','2021-02-22 22:38:00'),(86,85,2,'2018-01-01 00:00:00','2011-10-25 05:18:52','2014-12-11 01:34:52','2021-02-22 22:38:00'),(87,21,3,'2018-01-01 00:00:00','2015-12-25 15:58:35','2012-11-17 00:42:30','2021-02-22 22:38:00'),(87,74,3,'2018-01-01 00:00:00','2015-04-10 18:00:14','2015-01-26 16:23:17','2014-09-06 01:14:15'),(88,1,2,'2018-01-01 00:00:00','2014-05-13 09:49:12','2013-02-03 15:25:26','2021-02-22 22:38:00'),(88,83,2,'2018-01-01 00:00:00','2016-01-27 19:57:13','2015-08-25 16:49:12','2021-02-22 22:38:00'),(88,91,3,'2018-01-01 00:00:00','2015-11-09 05:13:54','2016-07-06 01:59:17','2021-02-22 22:38:00'),(89,7,3,'2018-01-01 00:00:00','2012-03-09 21:13:28','2016-03-12 12:34:54','2021-02-22 22:38:00'),(90,49,1,'2018-01-01 00:00:00','2016-08-19 03:30:27','2013-01-18 22:20:31','2021-02-22 22:38:00'),(90,77,1,'2018-01-01 00:00:00','2012-02-20 18:08:03','2011-08-22 03:55:47','2021-02-22 22:38:00'),(93,9,2,'2018-01-01 00:00:00','2014-07-16 09:07:21','2013-12-23 04:45:45','2021-02-22 22:38:00'),(93,72,2,'2018-01-01 00:00:00','2013-11-05 22:44:06','2013-09-04 09:41:44','2021-02-22 22:38:00'),(95,27,3,'2018-01-01 00:00:00','2012-05-15 06:50:58','2011-04-23 12:48:05','2021-02-22 22:38:00'),(99,39,3,'2018-01-01 00:00:00','2016-02-15 07:24:16','2016-11-25 05:53:40','2021-02-22 22:38:00'),(99,94,2,'2018-01-01 00:00:00','2015-01-14 20:28:32','2015-08-09 18:31:24','2021-02-22 22:38:00'),(100,78,3,'2018-01-01 00:00:00','2014-10-23 17:34:40','2011-04-18 23:35:29','2017-02-14 16:51:15');
/*!40000 ALTER TABLE `friendship` ENABLE KEYS */;
UNLOCK TABLES;

--
-- Table structure for table `friendship_statuses`
--

DROP TABLE IF EXISTS `friendship_statuses`;
/*!40101 SET @saved_cs_client     = @@character_set_client */;
/*!50503 SET character_set_client = utf8mb4 */;
CREATE TABLE `friendship_statuses` (
  `id` int unsigned NOT NULL AUTO_INCREMENT COMMENT 'Идентификатор строки',
  `name` varchar(150) CHARACTER SET utf8mb4 COLLATE utf8mb4_unicode_ci NOT NULL COMMENT 'Название статуса',
  `created_at` datetime DEFAULT CURRENT_TIMESTAMP COMMENT 'Время создания строки',
  `updated_at` datetime DEFAULT CURRENT_TIMESTAMP ON UPDATE CURRENT_TIMESTAMP COMMENT 'Время обновления строки',
  PRIMARY KEY (`id`),
  UNIQUE KEY `name` (`name`)
) ENGINE=InnoDB AUTO_INCREMENT=4 DEFAULT CHARSET=utf8mb4 COLLATE=utf8mb4_unicode_ci COMMENT='Статусы дружбы';
/*!40101 SET character_set_client = @saved_cs_client */;

--
-- Dumping data for table `friendship_statuses`
--

LOCK TABLES `friendship_statuses` WRITE;
/*!40000 ALTER TABLE `friendship_statuses` DISABLE KEYS */;
INSERT INTO `friendship_statuses` VALUES (1,'Requested','2021-02-22 22:37:54','2021-02-22 22:37:54'),(2,'Confirmed','2021-02-22 22:37:54','2021-02-22 22:37:54'),(3,'Rejected','2021-02-22 22:37:54','2021-02-22 22:37:54');
/*!40000 ALTER TABLE `friendship_statuses` ENABLE KEYS */;
UNLOCK TABLES;

--
-- Table structure for table `media`
--

DROP TABLE IF EXISTS `media`;
/*!40101 SET @saved_cs_client     = @@character_set_client */;
/*!50503 SET character_set_client = utf8mb4 */;
CREATE TABLE `media` (
  `id` int unsigned NOT NULL AUTO_INCREMENT COMMENT 'Идентификатор строки',
  `user_id` int unsigned NOT NULL COMMENT 'Ссылка на пользователя, который загрузил файл',
  `filename` varchar(255) CHARACTER SET utf8mb4 COLLATE utf8mb4_unicode_ci NOT NULL COMMENT 'Путь к файлу',
  `size` int NOT NULL COMMENT 'Размер файла',
  `metadata` json DEFAULT NULL,
  `media_type_id` int unsigned NOT NULL COMMENT 'Ссылка на тип контента',
  `created_at` datetime DEFAULT CURRENT_TIMESTAMP COMMENT 'Время создания строки',
  `updated_at` datetime DEFAULT CURRENT_TIMESTAMP ON UPDATE CURRENT_TIMESTAMP COMMENT 'Время обновления строки',
  PRIMARY KEY (`id`),
  CONSTRAINT `media_chk_1` CHECK (json_valid(`metadata`))
) ENGINE=InnoDB AUTO_INCREMENT=872 DEFAULT CHARSET=utf8mb4 COLLATE=utf8mb4_unicode_ci COMMENT='Медиафайлы';
/*!40101 SET character_set_client = @saved_cs_client */;

--
-- Dumping data for table `media`
--

LOCK TABLES `media` WRITE;
/*!40000 ALTER TABLE `media` DISABLE KEYS */;
INSERT INTO `media` VALUES (1,35,'http://dropbox.net/vk/photo.mpeg',655623,'{\"owner\": \"Sabrina Grimes\"}',1,'2020-07-08 03:59:00','2021-02-22 22:35:56'),(2,62,'http://dropbox.net/vk/photo.jpeg',9141,'{\"owner\": \"Maria Bosco\"}',1,'2016-06-02 01:57:07','2021-02-22 22:35:56'),(3,22,'http://dropbox.net/vk/any_music.jpeg',24958,'{\"owner\": \"Selena Dicki\"}',1,'2015-03-31 18:09:48','2021-02-22 22:35:56'),(4,73,'http://dropbox.net/vk/any_music.avi',503474,'{\"owner\": \"Lou Ledner\"}',3,'2016-01-24 09:05:53','2021-02-22 22:35:56'),(5,44,'http://dropbox.net/vk/photo.png',23985,'{\"owner\": \"Gerry Kuphal\"}',3,'2011-12-25 20:19:39','2021-02-22 22:35:56'),(6,45,'http://dropbox.net/vk/any_music.jpeg',30249,'{\"owner\": \"Maddison Pfeffer\"}',2,'2017-03-02 01:41:54','2021-02-22 22:35:56'),(7,14,'http://dropbox.net/vk/any_film.png',22931,'{\"owner\": \"Eudora Cormier\"}',2,'2018-10-11 00:56:45','2021-02-22 22:35:56'),(8,8,'http://dropbox.net/vk/new_year.avi',7365,'{\"owner\": \"Jessica Bergstrom\"}',1,'2016-10-16 00:33:27','2021-02-22 22:35:56'),(9,54,'http://dropbox.net/vk/any_music.jpeg',8581,'{\"owner\": \"Kaia Gutmann\"}',2,'2019-03-24 21:23:50','2021-02-22 22:35:56'),(10,5,'http://dropbox.net/vk/any_music.mpeg',4460,'{\"owner\": \"Elroy Wintheiser\"}',1,'2015-02-23 16:40:22','2021-02-22 22:35:56'),(11,23,'http://dropbox.net/vk/any_music.png',3903,'{\"owner\": \"Angelica Hirthe\"}',3,'2011-10-10 22:13:24','2021-02-22 22:35:56'),(12,79,'http://dropbox.net/vk/any_film.png',25234,'{\"owner\": \"Ansley Carter\"}',2,'2018-12-27 01:44:01','2021-02-22 22:35:56'),(13,83,'http://dropbox.net/vk/new_year.jpeg',17489,'{\"owner\": \"Dallas West\"}',2,'2011-08-17 21:53:43','2021-02-22 22:35:56'),(14,20,'http://dropbox.net/vk/any_film.jpeg',4219,'{\"owner\": \"Marguerite Cremin\"}',3,'2014-07-28 16:10:21','2021-02-22 22:35:56'),(15,35,'http://dropbox.net/vk/any_music.png',38055,'{\"owner\": \"Sabrina Grimes\"}',2,'2015-04-09 20:16:26','2021-02-22 22:35:56'),(16,20,'http://dropbox.net/vk/new_year.png',36577,'{\"owner\": \"Marguerite Cremin\"}',3,'2018-03-21 10:24:41','2021-02-22 22:35:56'),(17,2,'http://dropbox.net/vk/any_music.jpeg',6997,'{\"owner\": \"Toby Greenfelder\"}',3,'2018-02-07 13:26:06','2021-02-22 22:35:56'),(18,5,'http://dropbox.net/vk/photo.png',11437,'{\"owner\": \"Elroy Wintheiser\"}',1,'2012-07-17 12:31:04','2021-02-22 22:35:56'),(19,96,'http://dropbox.net/vk/photo.avi',28460,'{\"owner\": \"Phoebe Cummerata\"}',2,'2013-09-18 16:09:42','2021-02-22 22:35:56'),(20,70,'http://dropbox.net/vk/any_film.jpeg',8056,'{\"owner\": \"Geovanny Nitzsche\"}',1,'2015-04-20 07:42:04','2021-02-22 22:35:56'),(21,65,'http://dropbox.net/vk/any_film.avi',10715,'{\"owner\": \"Nestor Bernhard\"}',1,'2017-06-26 11:41:05','2021-02-22 22:35:56'),(22,97,'http://dropbox.net/vk/any_music.png',10956,'{\"owner\": \"Jaunita Cruickshank\"}',1,'2020-02-14 21:23:09','2021-02-22 22:35:56'),(23,34,'http://dropbox.net/vk/any_film.jpeg',1047,'{\"owner\": \"Einar Kassulke\"}',3,'2013-06-27 11:30:52','2021-02-22 22:29:14'),(24,58,'http://dropbox.net/vk/photo.jpeg',33549,'{\"owner\": \"Ashtyn Conn\"}',1,'2013-01-29 04:15:16','2021-02-22 22:35:56'),(25,8,'http://dropbox.net/vk/new_year.mpeg',17517,'{\"owner\": \"Jessica Bergstrom\"}',3,'2014-01-05 07:08:57','2021-02-22 22:35:56'),(26,86,'http://dropbox.net/vk/any_music.mpeg',18486,'{\"owner\": \"Aaron Senger\"}',1,'2012-04-05 08:22:06','2021-02-22 22:35:56'),(27,17,'http://dropbox.net/vk/photo.avi',25612,'{\"owner\": \"Crystel Hansen\"}',2,'2012-02-09 22:53:18','2021-02-22 22:35:56'),(28,37,'http://dropbox.net/vk/any_film.mpeg',24984,'{\"owner\": \"Joelle Gleason\"}',2,'2019-05-30 04:32:24','2021-02-22 22:35:56'),(29,15,'http://dropbox.net/vk/photo.mpeg',27635,'{\"owner\": \"Daisha Cormier\"}',3,'2015-01-07 20:51:22','2021-02-22 22:35:56'),(30,93,'http://dropbox.net/vk/new_year.png',16109,'{\"owner\": \"Kaylah Durgan\"}',1,'2019-06-09 09:48:54','2021-02-22 22:35:56'),(31,63,'http://dropbox.net/vk/any_film.png',1060,'{\"owner\": \"Annabelle Hoppe\"}',1,'2018-06-01 21:37:06','2021-02-22 22:35:56'),(32,76,'http://dropbox.net/vk/any_film.jpeg',15595,'{\"owner\": \"Keaton Kozey\"}',2,'2011-11-16 14:06:04','2021-02-22 22:35:56'),(33,56,'http://dropbox.net/vk/any_film.mpeg',37144,'{\"owner\": \"Norwood Farrell\"}',1,'2014-04-30 10:48:02','2021-02-22 22:35:56'),(34,11,'http://dropbox.net/vk/photo.png',31642,'{\"owner\": \"Patricia O\'Reilly\"}',2,'2015-01-19 02:49:31','2021-02-22 22:35:56'),(35,68,'http://dropbox.net/vk/any_music.jpeg',5296,'{\"owner\": \"Taya Nicolas\"}',1,'2014-08-08 08:35:32','2021-02-22 22:35:56'),(36,91,'http://dropbox.net/vk/any_film.mpeg',24099,'{\"owner\": \"Estell Volkman\"}',3,'2017-06-16 14:55:02','2021-02-22 22:35:56'),(37,84,'http://dropbox.net/vk/any_film.mpeg',23807,'{\"owner\": \"Gay Upton\"}',2,'2011-08-02 11:55:24','2021-02-22 22:35:56'),(38,26,'http://dropbox.net/vk/photo.png',16602,'{\"owner\": \"Tiana Schultz\"}',3,'2015-05-02 03:48:28','2021-02-22 22:35:56'),(39,76,'http://dropbox.net/vk/any_music.png',14683,'{\"owner\": \"Keaton Kozey\"}',2,'2016-07-23 16:17:16','2021-02-22 22:29:14'),(40,31,'http://dropbox.net/vk/photo.avi',36332,'{\"owner\": \"Alf Kuphal\"}',1,'2016-10-05 15:00:26','2021-02-22 22:35:56'),(41,43,'http://dropbox.net/vk/new_year.mpeg',35512,'{\"owner\": \"Lamont Romaguera\"}',3,'2019-06-13 21:15:48','2021-02-22 22:35:56'),(42,52,'http://dropbox.net/vk/new_year.mpeg',14950,'{\"owner\": \"Porter Johnston\"}',2,'2019-06-23 14:15:32','2021-02-22 22:35:56'),(43,26,'http://dropbox.net/vk/any_film.png',15102,'{\"owner\": \"Tiana Schultz\"}',1,'2019-10-12 15:29:28','2021-02-22 22:35:56'),(44,16,'http://dropbox.net/vk/photo.jpeg',29120,'{\"owner\": \"Aaron Lakin\"}',2,'2015-03-31 19:35:06','2021-02-22 22:35:56'),(45,7,'http://dropbox.net/vk/photo.jpeg',26819,'{\"owner\": \"Kadin Wolff\"}',2,'2018-11-10 06:12:46','2021-02-22 22:35:56'),(46,51,'http://dropbox.net/vk/new_year.png',9278,'{\"owner\": \"Oceane Zboncak\"}',2,'2014-07-06 18:04:22','2021-02-22 22:35:56'),(47,9,'http://dropbox.net/vk/new_year.png',28553,'{\"owner\": \"Catharine Champlin\"}',1,'2018-01-11 20:09:56','2021-02-22 22:35:56'),(48,46,'http://dropbox.net/vk/photo.png',8800,'{\"owner\": \"Sid Wintheiser\"}',1,'2013-12-16 00:09:48','2021-02-22 22:35:56'),(49,22,'http://dropbox.net/vk/photo.jpeg',35159,'{\"owner\": \"Selena Dicki\"}',1,'2020-02-11 16:11:29','2021-02-22 22:35:56'),(50,20,'http://dropbox.net/vk/photo.png',540503,'{\"owner\": \"Marguerite Cremin\"}',2,'2016-06-06 14:28:26','2021-02-22 22:35:56'),(51,4,'http://dropbox.net/vk/any_music.png',34204,'{\"owner\": \"Bryana Hoeger\"}',1,'2018-11-11 21:05:12','2021-02-22 22:35:56'),(52,12,'http://dropbox.net/vk/photo.mpeg',27316,'{\"owner\": \"Jessika Paucek\"}',1,'2014-01-27 19:43:01','2021-02-22 22:35:56'),(53,62,'http://dropbox.net/vk/any_film.avi',10725,'{\"owner\": \"Maria Bosco\"}',3,'2011-12-31 03:55:22','2021-02-22 22:35:56'),(54,2,'http://dropbox.net/vk/any_film.avi',32030,'{\"owner\": \"Toby Greenfelder\"}',1,'2019-04-26 05:40:16','2021-02-22 22:35:56'),(55,83,'http://dropbox.net/vk/any_film.png',15098,'{\"owner\": \"Dallas West\"}',2,'2018-04-10 23:04:40','2021-02-22 22:35:56'),(56,18,'http://dropbox.net/vk/photo.png',19729,'{\"owner\": \"Cathryn Osinski\"}',2,'2018-10-13 21:09:19','2021-02-22 22:35:56'),(57,43,'http://dropbox.net/vk/new_year.avi',20192,'{\"owner\": \"Lamont Romaguera\"}',1,'2019-07-22 22:28:27','2021-02-22 22:35:56'),(58,36,'http://dropbox.net/vk/photo.mpeg',26289,'{\"owner\": \"Ethyl Blick\"}',1,'2012-06-16 00:53:27','2021-02-22 22:35:56'),(59,55,'http://dropbox.net/vk/any_film.avi',35114,'{\"owner\": \"Mitchel Hermann\"}',1,'2020-11-06 13:35:40','2021-02-22 22:35:56'),(60,53,'http://dropbox.net/vk/new_year.mpeg',20224,'{\"owner\": \"Kelton Cormier\"}',2,'2012-11-17 22:30:29','2021-02-22 22:35:56'),(61,30,'http://dropbox.net/vk/any_music.mpeg',36329,'{\"owner\": \"Kathryn Kessler\"}',2,'2014-10-21 22:21:57','2021-02-22 22:35:56'),(62,40,'http://dropbox.net/vk/any_film.png',38729,'{\"owner\": \"Jorge Kirlin\"}',2,'2019-12-02 00:14:10','2021-02-22 22:35:56'),(63,11,'http://dropbox.net/vk/photo.mpeg',11733,'{\"owner\": \"Patricia O\'Reilly\"}',1,'2017-09-14 08:27:24','2021-02-22 22:35:56'),(64,38,'http://dropbox.net/vk/new_year.mpeg',14896,'{\"owner\": \"Norval McClure\"}',1,'2018-08-17 05:53:01','2021-02-22 22:35:56'),(65,58,'http://dropbox.net/vk/photo.jpeg',11357,'{\"owner\": \"Ashtyn Conn\"}',1,'2011-11-11 16:51:29','2021-02-22 22:35:56'),(66,83,'http://dropbox.net/vk/any_music.avi',18199,'{\"owner\": \"Dallas West\"}',1,'2015-09-29 10:01:52','2021-02-22 22:35:56'),(67,21,'http://dropbox.net/vk/any_music.jpeg',9819,'{\"owner\": \"Hollis Toy\"}',3,'2012-10-05 05:04:35','2021-02-22 22:35:56'),(68,7,'http://dropbox.net/vk/any_music.avi',22225,'{\"owner\": \"Kadin Wolff\"}',3,'2021-01-14 00:46:13','2021-02-22 22:35:56'),(69,39,'http://dropbox.net/vk/new_year.jpeg',1330,'{\"owner\": \"Lulu Schroeder\"}',1,'2017-09-08 07:00:51','2021-02-22 22:35:56'),(70,98,'http://dropbox.net/vk/any_music.jpeg',17314,'{\"owner\": \"Gardner Cartwright\"}',1,'2013-10-16 08:30:55','2021-02-22 22:35:56'),(71,39,'http://dropbox.net/vk/photo.png',4483,'{\"owner\": \"Lulu Schroeder\"}',2,'2020-05-23 12:57:20','2021-02-22 22:35:56'),(72,87,'http://dropbox.net/vk/photo.jpeg',29258,'{\"owner\": \"Grady Stoltenberg\"}',2,'2020-03-31 20:48:06','2021-02-22 22:35:56'),(73,41,'http://dropbox.net/vk/any_film.png',23100,'{\"owner\": \"Eliseo Hintz\"}',3,'2012-11-27 04:46:47','2021-02-22 22:35:56'),(74,51,'http://dropbox.net/vk/any_music.mpeg',21948,'{\"owner\": \"Oceane Zboncak\"}',3,'2017-12-01 15:56:10','2021-02-22 22:35:56'),(75,95,'http://dropbox.net/vk/any_film.mpeg',2963,'{\"owner\": \"Miles Turner\"}',1,'2018-03-19 12:04:50','2021-02-22 22:35:56'),(76,15,'http://dropbox.net/vk/any_music.mpeg',19614,'{\"owner\": \"Daisha Cormier\"}',3,'2011-09-27 12:21:54','2021-02-22 22:29:14'),(77,94,'http://dropbox.net/vk/any_film.mpeg',20162,'{\"owner\": \"Sister Powlowski\"}',1,'2015-10-28 11:09:30','2021-02-22 22:35:56'),(78,75,'http://dropbox.net/vk/any_film.mpeg',26801,'{\"owner\": \"Jeremie Koelpin\"}',2,'2018-04-12 01:52:08','2021-02-22 22:35:56'),(79,51,'http://dropbox.net/vk/photo.jpeg',182094,'{\"owner\": \"Oceane Zboncak\"}',2,'2020-02-06 02:30:29','2021-02-22 22:35:56'),(80,26,'http://dropbox.net/vk/new_year.png',28676,'{\"owner\": \"Tiana Schultz\"}',2,'2016-02-03 02:46:21','2021-02-22 22:35:56'),(81,94,'http://dropbox.net/vk/any_film.jpeg',24096,'{\"owner\": \"Sister Powlowski\"}',1,'2015-02-01 17:31:33','2021-02-22 22:35:56'),(82,7,'http://dropbox.net/vk/any_film.mpeg',25490,'{\"owner\": \"Kadin Wolff\"}',1,'2019-02-26 11:17:22','2021-02-22 22:35:56'),(83,82,'http://dropbox.net/vk/new_year.mpeg',20183,'{\"owner\": \"Lorine Dietrich\"}',2,'2020-10-27 11:18:07','2021-02-22 22:29:14'),(84,36,'http://dropbox.net/vk/any_music.avi',2141,'{\"owner\": \"Ethyl Blick\"}',1,'2014-05-04 01:32:52','2021-02-22 22:35:56'),(85,91,'http://dropbox.net/vk/any_film.png',29773,'{\"owner\": \"Estell Volkman\"}',2,'2020-11-03 12:03:15','2021-02-22 22:35:56'),(86,86,'http://dropbox.net/vk/photo.avi',13172,'{\"owner\": \"Aaron Senger\"}',1,'2012-12-26 13:30:28','2021-02-22 22:35:56'),(87,66,'http://dropbox.net/vk/any_film.mpeg',13777,'{\"owner\": \"Chelsie Keeling\"}',1,'2020-01-13 22:51:35','2021-02-22 22:35:56'),(88,35,'http://dropbox.net/vk/any_music.jpeg',2763,'{\"owner\": \"Sabrina Grimes\"}',1,'2020-06-09 09:30:07','2021-02-22 22:35:56'),(89,18,'http://dropbox.net/vk/new_year.mpeg',38751,'{\"owner\": \"Cathryn Osinski\"}',1,'2014-08-15 10:34:17','2021-02-22 22:35:56'),(90,52,'http://dropbox.net/vk/any_film.jpeg',33265,'{\"owner\": \"Porter Johnston\"}',1,'2020-12-13 19:56:25','2021-02-22 22:35:56'),(91,28,'http://dropbox.net/vk/photo.jpeg',31534,'{\"owner\": \"Alba Will\"}',1,'2020-12-23 02:05:24','2021-02-22 22:35:56'),(92,24,'http://dropbox.net/vk/new_year.mpeg',12249,'{\"owner\": \"Luther Hessel\"}',2,'2018-12-26 14:55:02','2021-02-22 22:35:56'),(93,51,'http://dropbox.net/vk/photo.jpeg',22482,'{\"owner\": \"Oceane Zboncak\"}',1,'2017-10-05 01:27:47','2021-02-22 22:35:56'),(94,37,'http://dropbox.net/vk/photo.jpeg',20771,'{\"owner\": \"Joelle Gleason\"}',1,'2011-06-07 00:26:51','2021-02-22 22:35:56'),(95,10,'http://dropbox.net/vk/new_year.png',36827,'{\"owner\": \"Estrella Hilll\"}',3,'2016-05-14 19:12:25','2021-02-22 22:35:56'),(96,61,'http://dropbox.net/vk/new_year.jpeg',10863,'{\"owner\": \"Verda Reinger\"}',1,'2016-11-03 08:41:35','2021-02-22 22:35:56'),(97,55,'http://dropbox.net/vk/any_film.avi',31870,'{\"owner\": \"Mitchel Hermann\"}',1,'2020-12-21 01:41:38','2021-02-22 22:35:56'),(98,22,'http://dropbox.net/vk/new_year.jpeg',5225,'{\"owner\": \"Selena Dicki\"}',3,'2015-11-23 23:22:41','2021-02-22 22:35:56'),(99,53,'http://dropbox.net/vk/any_film.jpeg',278961,'{\"owner\": \"Kelton Cormier\"}',3,'2012-03-14 09:25:29','2021-02-22 22:35:56'),(100,46,'http://dropbox.net/vk/any_film.avi',19129,'{\"owner\": \"Sid Wintheiser\"}',2,'2014-05-26 11:56:45','2021-02-22 22:29:14'),(101,82,'http://dropbox.net/vk/any_music.avi',4045,'{\"owner\": \"Lorine Dietrich\"}',1,'2020-04-30 15:53:46','2021-02-22 22:35:56'),(102,85,'http://dropbox.net/vk/any_film.png',32287,'{\"owner\": \"Lauren Gulgowski\"}',2,'2016-04-05 20:54:57','2021-02-22 22:29:14'),(103,32,'http://dropbox.net/vk/new_year.jpeg',25681,'{\"owner\": \"Jared Hauck\"}',1,'2020-05-01 04:22:40','2021-02-22 22:35:56'),(104,30,'http://dropbox.net/vk/new_year.jpeg',23843,'{\"owner\": \"Kathryn Kessler\"}',1,'2014-08-03 10:25:44','2021-02-22 22:35:56'),(105,26,'http://dropbox.net/vk/any_music.jpeg',21360,'{\"owner\": \"Tiana Schultz\"}',2,'2017-06-28 14:19:35','2021-02-22 22:35:56'),(106,49,'http://dropbox.net/vk/photo.jpeg',10754,'{\"owner\": \"Wade Brown\"}',1,'2013-02-24 21:04:27','2021-02-22 22:35:56'),(107,11,'http://dropbox.net/vk/any_music.jpeg',17076,'{\"owner\": \"Patricia O\'Reilly\"}',3,'2016-05-14 00:53:00','2021-02-22 22:35:56'),(108,70,'http://dropbox.net/vk/any_film.mpeg',838523,'{\"owner\": \"Geovanny Nitzsche\"}',3,'2019-04-28 14:24:21','2021-02-22 22:35:56'),(109,8,'http://dropbox.net/vk/any_music.mpeg',1805,'{\"owner\": \"Jessica Bergstrom\"}',2,'2021-01-06 11:43:13','2021-02-22 22:35:56'),(110,16,'http://dropbox.net/vk/any_music.jpeg',35509,'{\"owner\": \"Aaron Lakin\"}',1,'2017-04-18 00:43:03','2021-02-22 22:35:56'),(111,34,'http://dropbox.net/vk/new_year.mpeg',22575,'{\"owner\": \"Einar Kassulke\"}',3,'2014-02-07 00:43:44','2021-02-22 22:35:56'),(112,99,'http://dropbox.net/vk/any_film.avi',16262,'{\"owner\": \"Josianne O\'Keefe\"}',2,'2016-12-12 21:38:05','2021-02-22 22:35:56'),(113,76,'http://dropbox.net/vk/any_film.png',24515,'{\"owner\": \"Keaton Kozey\"}',3,'2019-02-13 23:16:10','2021-02-22 22:35:56'),(114,83,'http://dropbox.net/vk/new_year.png',12002,'{\"owner\": \"Dallas West\"}',3,'2011-05-26 07:40:23','2021-02-22 22:35:56'),(115,69,'http://dropbox.net/vk/any_music.avi',8201,'{\"owner\": \"Douglas Douglas\"}',1,'2018-05-26 06:04:48','2021-02-22 22:35:56'),(116,90,'http://dropbox.net/vk/any_film.png',15642,'{\"owner\": \"Kamron Dibbert\"}',1,'2017-03-11 10:55:51','2021-02-22 22:35:56'),(117,93,'http://dropbox.net/vk/new_year.jpeg',11542,'{\"owner\": \"Kaylah Durgan\"}',3,'2013-07-17 04:20:42','2021-02-22 22:35:56'),(118,50,'http://dropbox.net/vk/photo.mpeg',26242,'{\"owner\": \"Nikita Goyette\"}',3,'2011-05-16 01:53:17','2021-02-22 22:35:56'),(119,98,'http://dropbox.net/vk/new_year.jpeg',4569,'{\"owner\": \"Gardner Cartwright\"}',2,'2015-08-13 09:28:46','2021-02-22 22:35:56'),(120,70,'http://dropbox.net/vk/any_film.avi',27976,'{\"owner\": \"Geovanny Nitzsche\"}',3,'2020-11-17 06:11:16','2021-02-22 22:35:56'),(121,2,'http://dropbox.net/vk/any_film.mpeg',33812,'{\"owner\": \"Toby Greenfelder\"}',1,'2017-02-20 01:54:17','2021-02-22 22:35:56'),(122,47,'http://dropbox.net/vk/any_music.png',5561,'{\"owner\": \"Kendra Cronin\"}',2,'2016-09-08 15:19:53','2021-02-22 22:35:56'),(123,80,'http://dropbox.net/vk/new_year.mpeg',8872,'{\"owner\": \"Jermaine Hamill\"}',2,'2018-10-16 07:53:50','2021-02-22 22:35:56'),(124,93,'http://dropbox.net/vk/any_film.avi',2511,'{\"owner\": \"Kaylah Durgan\"}',1,'2015-06-25 20:40:24','2021-02-22 22:35:56'),(125,98,'http://dropbox.net/vk/photo.png',5955,'{\"owner\": \"Gardner Cartwright\"}',1,'2014-09-08 00:09:38','2021-02-22 22:35:56'),(126,21,'http://dropbox.net/vk/photo.png',1990,'{\"owner\": \"Hollis Toy\"}',2,'2016-06-13 09:39:54','2021-02-22 22:35:56'),(127,75,'http://dropbox.net/vk/any_music.jpeg',10869,'{\"owner\": \"Jeremie Koelpin\"}',1,'2016-06-08 14:58:18','2021-02-22 22:35:56'),(128,55,'http://dropbox.net/vk/any_film.avi',34494,'{\"owner\": \"Mitchel Hermann\"}',1,'2020-01-09 16:55:21','2021-02-22 22:35:56'),(129,84,'http://dropbox.net/vk/photo.avi',11333,'{\"owner\": \"Gay Upton\"}',1,'2019-08-12 05:16:23','2021-02-22 22:35:56'),(130,54,'http://dropbox.net/vk/new_year.png',9559,'{\"owner\": \"Kaia Gutmann\"}',3,'2018-01-26 07:07:19','2021-02-22 22:35:56'),(131,8,'http://dropbox.net/vk/new_year.png',17230,'{\"owner\": \"Jessica Bergstrom\"}',1,'2014-11-14 23:37:26','2021-02-22 22:35:56'),(132,5,'http://dropbox.net/vk/any_film.jpeg',22205,'{\"owner\": \"Elroy Wintheiser\"}',1,'2019-01-05 11:54:13','2021-02-22 22:29:14'),(133,7,'http://dropbox.net/vk/any_film.avi',15369,'{\"owner\": \"Kadin Wolff\"}',3,'2011-04-28 04:34:57','2021-02-22 22:35:56'),(134,70,'http://dropbox.net/vk/any_film.mpeg',31265,'{\"owner\": \"Geovanny Nitzsche\"}',2,'2016-02-25 04:22:29','2021-02-22 22:35:56'),(135,71,'http://dropbox.net/vk/any_music.mpeg',18871,'{\"owner\": \"Abe Dickinson\"}',1,'2012-06-19 04:48:36','2021-02-22 22:35:56'),(136,29,'http://dropbox.net/vk/any_music.avi',28227,'{\"owner\": \"Denis Roob\"}',3,'2016-11-04 16:26:22','2021-02-22 22:29:14'),(137,60,'http://dropbox.net/vk/new_year.avi',15393,'{\"owner\": \"Lester Romaguera\"}',2,'2012-02-22 14:23:57','2021-02-22 22:35:56'),(138,61,'http://dropbox.net/vk/any_music.mpeg',27875,'{\"owner\": \"Verda Reinger\"}',3,'2013-03-14 08:55:19','2021-02-22 22:35:56'),(139,99,'http://dropbox.net/vk/new_year.mpeg',7521,'{\"owner\": \"Josianne O\'Keefe\"}',1,'2012-03-12 18:27:22','2021-02-22 22:35:56'),(140,40,'http://dropbox.net/vk/new_year.png',12831,'{\"owner\": \"Jorge Kirlin\"}',3,'2015-05-14 16:50:25','2021-02-22 22:29:14'),(141,33,'http://dropbox.net/vk/any_film.mpeg',8392,'{\"owner\": \"Adrianna Reichert\"}',2,'2013-02-25 09:28:10','2021-02-22 22:35:56'),(142,85,'http://dropbox.net/vk/any_film.png',32306,'{\"owner\": \"Lauren Gulgowski\"}',2,'2015-04-03 05:35:04','2021-02-22 22:35:56'),(143,60,'http://dropbox.net/vk/any_music.mpeg',22117,'{\"owner\": \"Lester Romaguera\"}',3,'2019-09-29 06:16:28','2021-02-22 22:35:56'),(144,32,'http://dropbox.net/vk/photo.avi',7222,'{\"owner\": \"Jared Hauck\"}',1,'2019-04-15 07:24:27','2021-02-22 22:35:56'),(145,67,'http://dropbox.net/vk/new_year.mpeg',31288,'{\"owner\": \"Tara Homenick\"}',2,'2012-04-30 00:39:12','2021-02-22 22:35:56'),(146,99,'http://dropbox.net/vk/any_film.avi',8575,'{\"owner\": \"Josianne O\'Keefe\"}',1,'2012-03-11 07:56:29','2021-02-22 22:35:56'),(147,86,'http://dropbox.net/vk/any_music.jpeg',10359,'{\"owner\": \"Aaron Senger\"}',2,'2011-11-11 18:06:49','2021-02-22 22:35:56'),(148,65,'http://dropbox.net/vk/any_film.avi',8817,'{\"owner\": \"Nestor Bernhard\"}',1,'2020-08-05 07:15:12','2021-02-22 22:35:56'),(149,89,'http://dropbox.net/vk/new_year.avi',32960,'{\"owner\": \"Johnpaul Conn\"}',2,'2019-06-18 11:45:48','2021-02-22 22:35:56'),(150,33,'http://dropbox.net/vk/photo.avi',23919,'{\"owner\": \"Adrianna Reichert\"}',3,'2017-04-08 17:51:49','2021-02-22 22:35:56'),(151,5,'http://dropbox.net/vk/photo.avi',36473,'{\"owner\": \"Elroy Wintheiser\"}',3,'2017-05-14 15:00:48','2021-02-22 22:35:56'),(152,47,'http://dropbox.net/vk/photo.avi',15447,'{\"owner\": \"Kendra Cronin\"}',3,'2015-11-02 18:44:06','2021-02-22 22:35:56'),(153,90,'http://dropbox.net/vk/photo.avi',8095,'{\"owner\": \"Kamron Dibbert\"}',3,'2016-10-22 11:53:20','2021-02-22 22:35:56'),(154,54,'http://dropbox.net/vk/photo.jpeg',10764,'{\"owner\": \"Kaia Gutmann\"}',2,'2020-12-18 00:50:52','2021-02-22 22:35:56'),(155,39,'http://dropbox.net/vk/any_music.png',27372,'{\"owner\": \"Lulu Schroeder\"}',1,'2013-09-29 02:40:13','2021-02-22 22:35:56'),(156,90,'http://dropbox.net/vk/photo.png',3490,'{\"owner\": \"Kamron Dibbert\"}',1,'2016-05-16 00:41:27','2021-02-22 22:35:56'),(157,66,'http://dropbox.net/vk/new_year.jpeg',16780,'{\"owner\": \"Chelsie Keeling\"}',1,'2016-06-10 08:20:17','2021-02-22 22:35:56'),(158,23,'http://dropbox.net/vk/new_year.jpeg',19482,'{\"owner\": \"Angelica Hirthe\"}',3,'2013-03-21 10:23:01','2021-02-22 22:35:56'),(159,3,'http://dropbox.net/vk/photo.avi',5790,'{\"owner\": \"Wyatt Roberts\"}',3,'2016-09-26 23:13:56','2021-02-22 22:35:56'),(160,52,'http://dropbox.net/vk/any_film.mpeg',14462,'{\"owner\": \"Porter Johnston\"}',3,'2015-07-30 16:41:55','2021-02-22 22:35:56'),(161,96,'http://dropbox.net/vk/new_year.avi',30384,'{\"owner\": \"Phoebe Cummerata\"}',3,'2011-06-13 17:46:05','2021-02-22 22:35:56'),(162,72,'http://dropbox.net/vk/new_year.jpeg',31122,'{\"owner\": \"Joanne Hartmann\"}',2,'2011-09-08 03:26:12','2021-02-22 22:35:56'),(163,40,'http://dropbox.net/vk/photo.mpeg',11797,'{\"owner\": \"Jorge Kirlin\"}',1,'2012-07-07 14:02:35','2021-02-22 22:35:56'),(164,88,'http://dropbox.net/vk/any_music.jpeg',8179,'{\"owner\": \"Madalyn Runte\"}',1,'2013-10-01 02:26:51','2021-02-22 22:35:56'),(165,32,'http://dropbox.net/vk/any_film.png',20841,'{\"owner\": \"Jared Hauck\"}',2,'2020-03-21 21:00:43','2021-02-22 22:35:56'),(166,27,'http://dropbox.net/vk/any_film.mpeg',10498,'{\"owner\": \"Precious Lakin\"}',3,'2011-12-25 16:28:34','2021-02-22 22:35:56'),(167,70,'http://dropbox.net/vk/any_film.png',3829,'{\"owner\": \"Geovanny Nitzsche\"}',1,'2016-01-25 20:31:00','2021-02-22 22:35:56'),(168,54,'http://dropbox.net/vk/any_music.mpeg',6614,'{\"owner\": \"Kaia Gutmann\"}',1,'2014-08-06 21:22:58','2021-02-22 22:35:56'),(169,3,'http://dropbox.net/vk/any_music.jpeg',21780,'{\"owner\": \"Wyatt Roberts\"}',1,'2013-04-09 13:12:54','2021-02-22 22:35:56'),(170,13,'http://dropbox.net/vk/any_music.mpeg',14963,'{\"owner\": \"Kaya Predovic\"}',3,'2012-08-03 04:39:49','2021-02-22 22:35:56'),(171,37,'http://dropbox.net/vk/any_music.jpeg',2726,'{\"owner\": \"Joelle Gleason\"}',2,'2013-11-27 12:55:27','2021-02-22 22:35:56'),(172,74,'http://dropbox.net/vk/new_year.jpeg',22304,'{\"owner\": \"Angelo Barton\"}',3,'2020-01-10 07:27:11','2021-02-22 22:35:56'),(173,56,'http://dropbox.net/vk/any_music.jpeg',10631,'{\"owner\": \"Norwood Farrell\"}',3,'2018-08-06 16:12:26','2021-02-22 22:35:56'),(174,89,'http://dropbox.net/vk/new_year.mpeg',345735,'{\"owner\": \"Johnpaul Conn\"}',3,'2016-05-30 04:17:10','2021-02-22 22:35:56'),(175,23,'http://dropbox.net/vk/photo.png',14387,'{\"owner\": \"Angelica Hirthe\"}',2,'2017-04-16 17:52:23','2021-02-22 22:35:56'),(176,79,'http://dropbox.net/vk/photo.mpeg',1942,'{\"owner\": \"Ansley Carter\"}',3,'2014-10-02 04:57:31','2021-02-22 22:35:56'),(177,58,'http://dropbox.net/vk/any_music.png',5786,'{\"owner\": \"Ashtyn Conn\"}',2,'2014-07-12 14:25:15','2021-02-22 22:35:56'),(178,90,'http://dropbox.net/vk/any_film.png',27835,'{\"owner\": \"Kamron Dibbert\"}',3,'2017-09-16 12:26:04','2021-02-22 22:35:56'),(179,90,'http://dropbox.net/vk/any_film.png',38725,'{\"owner\": \"Kamron Dibbert\"}',2,'2016-04-12 10:55:06','2021-02-22 22:35:56'),(180,34,'http://dropbox.net/vk/any_film.png',9054,'{\"owner\": \"Einar Kassulke\"}',1,'2015-01-19 18:31:42','2021-02-22 22:35:56'),(181,95,'http://dropbox.net/vk/any_film.avi',36219,'{\"owner\": \"Miles Turner\"}',1,'2020-04-23 05:18:35','2021-02-22 22:35:56'),(182,6,'http://dropbox.net/vk/any_music.png',23217,'{\"owner\": \"Triston Will\"}',3,'2014-10-31 03:20:57','2021-02-22 22:35:56'),(183,91,'http://dropbox.net/vk/photo.mpeg',25556,'{\"owner\": \"Estell Volkman\"}',1,'2020-12-05 22:19:58','2021-02-22 22:35:56'),(184,76,'http://dropbox.net/vk/any_music.mpeg',7622,'{\"owner\": \"Keaton Kozey\"}',2,'2019-02-07 12:32:32','2021-02-22 22:35:56'),(185,41,'http://dropbox.net/vk/new_year.avi',1888,'{\"owner\": \"Eliseo Hintz\"}',3,'2015-12-14 13:46:29','2021-02-22 22:35:56'),(186,11,'http://dropbox.net/vk/new_year.mpeg',37723,'{\"owner\": \"Patricia O\'Reilly\"}',3,'2011-10-18 21:20:47','2021-02-22 22:35:56'),(187,65,'http://dropbox.net/vk/any_music.jpeg',36007,'{\"owner\": \"Nestor Bernhard\"}',3,'2012-11-18 15:48:29','2021-02-22 22:35:56'),(188,95,'http://dropbox.net/vk/any_music.png',12760,'{\"owner\": \"Miles Turner\"}',3,'2011-09-29 20:43:50','2021-02-22 22:35:56'),(189,17,'http://dropbox.net/vk/photo.jpeg',7856,'{\"owner\": \"Crystel Hansen\"}',2,'2019-03-13 00:34:26','2021-02-22 22:35:56'),(190,62,'http://dropbox.net/vk/any_music.mpeg',12006,'{\"owner\": \"Maria Bosco\"}',3,'2016-09-23 07:52:35','2021-02-22 22:35:56'),(191,45,'http://dropbox.net/vk/new_year.jpeg',15659,'{\"owner\": \"Maddison Pfeffer\"}',2,'2020-12-09 02:05:16','2021-02-22 22:35:56'),(192,57,'http://dropbox.net/vk/photo.mpeg',21403,'{\"owner\": \"Antonia Ledner\"}',2,'2018-11-15 18:18:08','2021-02-22 22:29:14'),(193,37,'http://dropbox.net/vk/photo.jpeg',9879,'{\"owner\": \"Joelle Gleason\"}',1,'2019-03-14 14:49:53','2021-02-22 22:35:56'),(194,11,'http://dropbox.net/vk/new_year.png',23261,'{\"owner\": \"Patricia O\'Reilly\"}',2,'2020-03-11 14:41:46','2021-02-22 22:35:56'),(195,46,'http://dropbox.net/vk/photo.jpeg',19252,'{\"owner\": \"Sid Wintheiser\"}',3,'2019-07-30 15:17:24','2021-02-22 22:35:56'),(196,78,'http://dropbox.net/vk/photo.png',15897,'{\"owner\": \"Vicenta Herman\"}',1,'2020-05-07 22:22:09','2021-02-22 22:35:56'),(197,58,'http://dropbox.net/vk/photo.avi',21813,'{\"owner\": \"Ashtyn Conn\"}',2,'2014-05-06 19:51:26','2021-02-22 22:35:56'),(198,22,'http://dropbox.net/vk/photo.png',21819,'{\"owner\": \"Selena Dicki\"}',3,'2019-08-27 05:10:50','2021-02-22 22:35:56'),(199,60,'http://dropbox.net/vk/photo.png',12930,'{\"owner\": \"Lester Romaguera\"}',3,'2012-03-01 17:04:02','2021-02-22 22:35:56'),(200,44,'http://dropbox.net/vk/any_film.jpeg',18644,'{\"owner\": \"Gerry Kuphal\"}',2,'2014-12-15 08:40:17','2021-02-22 22:35:56'),(201,21,'http://dropbox.net/vk/new_year.avi',23955,'{\"owner\": \"Hollis Toy\"}',2,'2016-05-18 18:07:42','2021-02-22 22:35:56'),(202,84,'http://dropbox.net/vk/photo.jpeg',27035,'{\"owner\": \"Gay Upton\"}',2,'2016-10-30 15:14:43','2021-02-22 22:35:56'),(203,33,'http://dropbox.net/vk/any_film.mpeg',16071,'{\"owner\": \"Adrianna Reichert\"}',1,'2019-05-01 03:46:25','2021-02-22 22:35:56'),(204,53,'http://dropbox.net/vk/new_year.avi',21541,'{\"owner\": \"Kelton Cormier\"}',2,'2018-08-23 17:26:41','2021-02-22 22:35:56'),(205,86,'http://dropbox.net/vk/new_year.jpeg',6626,'{\"owner\": \"Aaron Senger\"}',1,'2015-06-16 12:06:22','2021-02-22 22:35:56'),(206,49,'http://dropbox.net/vk/any_film.mpeg',15499,'{\"owner\": \"Wade Brown\"}',3,'2014-06-28 18:45:57','2021-02-22 22:35:56'),(207,100,'http://dropbox.net/vk/new_year.jpeg',18873,'{\"owner\": \"Arnaldo Bauch\"}',3,'2016-04-07 21:50:27','2021-02-22 22:35:56'),(208,80,'http://dropbox.net/vk/photo.jpeg',2412,'{\"owner\": \"Jermaine Hamill\"}',3,'2015-07-16 14:23:11','2021-02-22 22:35:56'),(209,56,'http://dropbox.net/vk/any_music.png',6324,'{\"owner\": \"Norwood Farrell\"}',3,'2020-07-03 19:13:08','2021-02-22 22:35:56'),(210,56,'http://dropbox.net/vk/any_music.jpeg',21724,'{\"owner\": \"Norwood Farrell\"}',3,'2015-01-11 05:57:52','2021-02-22 22:35:56'),(211,92,'http://dropbox.net/vk/any_film.avi',28966,'{\"owner\": \"Jaydon Bruen\"}',2,'2020-04-18 11:04:27','2021-02-22 22:35:56'),(212,90,'http://dropbox.net/vk/photo.jpeg',33777,'{\"owner\": \"Kamron Dibbert\"}',2,'2018-09-29 00:53:09','2021-02-22 22:35:56'),(213,21,'http://dropbox.net/vk/new_year.mpeg',38239,'{\"owner\": \"Hollis Toy\"}',2,'2020-09-05 01:33:29','2021-02-22 22:35:56'),(214,4,'http://dropbox.net/vk/photo.png',26187,'{\"owner\": \"Bryana Hoeger\"}',2,'2016-09-02 07:45:26','2021-02-22 22:35:56'),(215,97,'http://dropbox.net/vk/new_year.png',3618,'{\"owner\": \"Jaunita Cruickshank\"}',2,'2014-07-26 00:26:43','2021-02-22 22:35:56'),(216,29,'http://dropbox.net/vk/any_film.avi',25666,'{\"owner\": \"Denis Roob\"}',3,'2014-02-06 17:52:54','2021-02-22 22:35:56'),(217,42,'http://dropbox.net/vk/any_music.png',30098,'{\"owner\": \"Kris Conroy\"}',3,'2013-03-06 19:06:14','2021-02-22 22:35:56'),(218,20,'http://dropbox.net/vk/any_film.mpeg',4490,'{\"owner\": \"Marguerite Cremin\"}',1,'2012-10-28 17:03:45','2021-02-22 22:35:56'),(219,23,'http://dropbox.net/vk/any_music.png',36782,'{\"owner\": \"Angelica Hirthe\"}',3,'2020-02-18 04:13:04','2021-02-22 22:35:56'),(220,15,'http://dropbox.net/vk/new_year.jpeg',31223,'{\"owner\": \"Daisha Cormier\"}',3,'2015-06-26 22:11:04','2021-02-22 22:35:56'),(221,47,'http://dropbox.net/vk/new_year.png',36370,'{\"owner\": \"Kendra Cronin\"}',3,'2016-09-07 11:42:32','2021-02-22 22:35:56'),(222,43,'http://dropbox.net/vk/photo.mpeg',7819,'{\"owner\": \"Lamont Romaguera\"}',1,'2013-09-25 09:27:12','2021-02-22 22:29:14'),(223,100,'http://dropbox.net/vk/new_year.jpeg',3126,'{\"owner\": \"Arnaldo Bauch\"}',1,'2011-09-15 22:32:53','2021-02-22 22:35:56'),(224,63,'http://dropbox.net/vk/photo.avi',19814,'{\"owner\": \"Annabelle Hoppe\"}',3,'2016-07-27 00:31:39','2021-02-22 22:29:14'),(225,43,'http://dropbox.net/vk/any_film.jpeg',26025,'{\"owner\": \"Lamont Romaguera\"}',1,'2014-12-11 15:07:36','2021-02-22 22:35:56'),(226,92,'http://dropbox.net/vk/photo.png',13109,'{\"owner\": \"Jaydon Bruen\"}',2,'2019-09-02 10:02:03','2021-02-22 22:35:56'),(227,34,'http://dropbox.net/vk/new_year.avi',10177,'{\"owner\": \"Einar Kassulke\"}',2,'2019-01-31 14:32:37','2021-02-22 22:35:56'),(228,97,'http://dropbox.net/vk/any_music.avi',37258,'{\"owner\": \"Jaunita Cruickshank\"}',2,'2020-06-18 16:02:46','2021-02-22 22:35:56'),(229,15,'http://dropbox.net/vk/new_year.avi',21313,'{\"owner\": \"Daisha Cormier\"}',1,'2014-10-14 02:44:17','2021-02-22 22:35:56'),(230,37,'http://dropbox.net/vk/new_year.png',33001,'{\"owner\": \"Joelle Gleason\"}',1,'2019-11-29 01:43:37','2021-02-22 22:35:56'),(231,20,'http://dropbox.net/vk/new_year.avi',4276,'{\"owner\": \"Marguerite Cremin\"}',3,'2018-05-07 14:22:25','2021-02-22 22:35:56'),(232,2,'http://dropbox.net/vk/any_music.png',36532,'{\"owner\": \"Toby Greenfelder\"}',2,'2018-01-05 04:12:09','2021-02-22 22:35:56'),(233,46,'http://dropbox.net/vk/any_music.avi',27658,'{\"owner\": \"Sid Wintheiser\"}',2,'2020-03-09 17:10:37','2021-02-22 22:35:56'),(234,54,'http://dropbox.net/vk/any_music.jpeg',14507,'{\"owner\": \"Kaia Gutmann\"}',1,'2017-08-14 05:26:07','2021-02-22 22:35:56'),(235,1,'http://dropbox.net/vk/any_music.mpeg',28501,'{\"owner\": \"Domingo Little\"}',1,'2019-12-23 22:47:51','2021-02-22 22:35:56'),(236,87,'http://dropbox.net/vk/new_year.jpeg',10026,'{\"owner\": \"Grady Stoltenberg\"}',2,'2013-04-04 17:20:58','2021-02-22 22:35:56'),(237,5,'http://dropbox.net/vk/photo.jpeg',15253,'{\"owner\": \"Elroy Wintheiser\"}',3,'2016-01-30 14:56:51','2021-02-22 22:35:56'),(238,28,'http://dropbox.net/vk/any_film.avi',31103,'{\"owner\": \"Alba Will\"}',1,'2013-12-27 22:53:25','2021-02-22 22:35:56'),(239,56,'http://dropbox.net/vk/photo.jpeg',24804,'{\"owner\": \"Norwood Farrell\"}',3,'2013-10-07 12:30:39','2021-02-22 22:35:56'),(240,98,'http://dropbox.net/vk/any_film.jpeg',5463,'{\"owner\": \"Gardner Cartwright\"}',1,'2020-07-20 14:34:39','2021-02-22 22:35:56'),(241,36,'http://dropbox.net/vk/photo.png',35169,'{\"owner\": \"Ethyl Blick\"}',3,'2011-08-10 02:01:28','2021-02-22 22:35:56'),(242,81,'http://dropbox.net/vk/photo.png',19070,'{\"owner\": \"Gust Tillman\"}',2,'2020-09-07 05:39:15','2021-02-22 22:35:56'),(243,28,'http://dropbox.net/vk/any_film.mpeg',19770,'{\"owner\": \"Alba Will\"}',1,'2014-10-29 23:04:24','2021-02-22 22:35:56'),(244,55,'http://dropbox.net/vk/any_music.png',32526,'{\"owner\": \"Mitchel Hermann\"}',1,'2020-12-14 07:35:41','2021-02-22 22:35:56'),(245,82,'http://dropbox.net/vk/any_music.mpeg',4602,'{\"owner\": \"Lorine Dietrich\"}',2,'2019-09-27 00:51:31','2021-02-22 22:35:56'),(246,74,'http://dropbox.net/vk/photo.png',21703,'{\"owner\": \"Angelo Barton\"}',1,'2019-02-20 06:37:03','2021-02-22 22:35:56'),(247,59,'http://dropbox.net/vk/any_music.png',22077,'{\"owner\": \"Orie Carter\"}',2,'2013-06-18 00:00:19','2021-02-22 22:35:56'),(248,33,'http://dropbox.net/vk/any_music.mpeg',16333,'{\"owner\": \"Adrianna Reichert\"}',2,'2016-03-20 15:50:32','2021-02-22 22:35:56'),(249,37,'http://dropbox.net/vk/any_music.jpeg',25738,'{\"owner\": \"Joelle Gleason\"}',3,'2015-01-03 18:49:08','2021-02-22 22:35:56'),(250,82,'http://dropbox.net/vk/any_music.jpeg',9474,'{\"owner\": \"Lorine Dietrich\"}',2,'2011-11-17 07:35:32','2021-02-22 22:35:56'),(251,10,'http://dropbox.net/vk/new_year.jpeg',31928,'{\"owner\": \"Estrella Hilll\"}',3,'2017-08-11 07:32:06','2021-02-22 22:35:56'),(252,10,'http://dropbox.net/vk/photo.jpeg',1081,'{\"owner\": \"Estrella Hilll\"}',1,'2014-03-23 00:44:43','2021-02-22 22:35:56'),(253,12,'http://dropbox.net/vk/new_year.avi',24704,'{\"owner\": \"Jessika Paucek\"}',1,'2015-06-05 04:21:39','2021-02-22 22:35:56'),(254,17,'http://dropbox.net/vk/any_film.png',4386,'{\"owner\": \"Crystel Hansen\"}',2,'2013-01-11 21:57:24','2021-02-22 22:35:56'),(255,74,'http://dropbox.net/vk/photo.jpeg',10674,'{\"owner\": \"Angelo Barton\"}',1,'2016-06-28 16:02:16','2021-02-22 22:35:56'),(256,89,'http://dropbox.net/vk/photo.avi',24415,'{\"owner\": \"Johnpaul Conn\"}',1,'2016-02-18 07:55:42','2021-02-22 22:35:56'),(257,17,'http://dropbox.net/vk/new_year.jpeg',29009,'{\"owner\": \"Crystel Hansen\"}',1,'2017-03-14 18:21:30','2021-02-22 22:35:56'),(258,37,'http://dropbox.net/vk/photo.avi',24328,'{\"owner\": \"Joelle Gleason\"}',1,'2018-11-29 23:53:57','2021-02-22 22:35:56'),(259,3,'http://dropbox.net/vk/any_music.avi',17538,'{\"owner\": \"Wyatt Roberts\"}',3,'2018-11-26 18:27:37','2021-02-22 22:35:56'),(260,33,'http://dropbox.net/vk/any_film.png',28724,'{\"owner\": \"Adrianna Reichert\"}',1,'2011-11-29 07:23:26','2021-02-22 22:35:56'),(261,90,'http://dropbox.net/vk/photo.avi',203103,'{\"owner\": \"Kamron Dibbert\"}',3,'2012-11-14 10:44:08','2021-02-22 22:35:56'),(262,9,'http://dropbox.net/vk/any_film.png',9856,'{\"owner\": \"Catharine Champlin\"}',2,'2011-07-12 14:40:32','2021-02-22 22:35:56'),(263,78,'http://dropbox.net/vk/photo.avi',17208,'{\"owner\": \"Vicenta Herman\"}',3,'2020-10-09 02:46:30','2021-02-22 22:35:56'),(264,10,'http://dropbox.net/vk/any_music.mpeg',16285,'{\"owner\": \"Estrella Hilll\"}',3,'2020-01-01 22:10:15','2021-02-22 22:35:56'),(265,40,'http://dropbox.net/vk/new_year.mpeg',25821,'{\"owner\": \"Jorge Kirlin\"}',3,'2018-10-30 00:11:06','2021-02-22 22:35:56'),(266,43,'http://dropbox.net/vk/any_film.png',35196,'{\"owner\": \"Lamont Romaguera\"}',2,'2012-08-07 05:05:59','2021-02-22 22:35:56'),(267,51,'http://dropbox.net/vk/photo.mpeg',22889,'{\"owner\": \"Oceane Zboncak\"}',3,'2018-12-07 21:57:16','2021-02-22 22:35:56'),(268,78,'http://dropbox.net/vk/any_music.png',1440,'{\"owner\": \"Vicenta Herman\"}',2,'2015-02-05 06:57:48','2021-02-22 22:35:56'),(269,25,'http://dropbox.net/vk/any_music.avi',11522,'{\"owner\": \"Nettie Botsford\"}',3,'2019-01-28 19:20:30','2021-02-22 22:35:56'),(270,63,'http://dropbox.net/vk/new_year.avi',2766,'{\"owner\": \"Annabelle Hoppe\"}',3,'2013-05-03 14:48:46','2021-02-22 22:35:56'),(271,68,'http://dropbox.net/vk/any_music.mpeg',31404,'{\"owner\": \"Taya Nicolas\"}',3,'2016-09-18 03:00:56','2021-02-22 22:35:56'),(272,60,'http://dropbox.net/vk/any_music.avi',21883,'{\"owner\": \"Lester Romaguera\"}',3,'2018-08-16 17:31:16','2021-02-22 22:29:14'),(273,92,'http://dropbox.net/vk/photo.avi',29058,'{\"owner\": \"Jaydon Bruen\"}',2,'2018-08-11 04:28:25','2021-02-22 22:35:56'),(274,48,'http://dropbox.net/vk/any_film.png',6719,'{\"owner\": \"Elza Lind\"}',3,'2018-09-02 19:16:49','2021-02-22 22:35:56'),(275,45,'http://dropbox.net/vk/any_music.mpeg',32068,'{\"owner\": \"Maddison Pfeffer\"}',1,'2019-04-13 20:51:51','2021-02-22 22:35:56'),(276,1,'http://dropbox.net/vk/any_music.jpeg',6316,'{\"owner\": \"Domingo Little\"}',1,'2014-10-14 15:18:47','2021-02-22 22:35:56'),(277,28,'http://dropbox.net/vk/any_film.mpeg',968313,'{\"owner\": \"Alba Will\"}',1,'2020-03-10 08:11:15','2021-02-22 22:35:56'),(278,88,'http://dropbox.net/vk/new_year.avi',10324,'{\"owner\": \"Madalyn Runte\"}',2,'2012-12-15 08:36:01','2021-02-22 22:29:14'),(279,29,'http://dropbox.net/vk/photo.avi',18300,'{\"owner\": \"Denis Roob\"}',3,'2020-08-31 23:35:55','2021-02-22 22:35:56'),(280,44,'http://dropbox.net/vk/new_year.png',35388,'{\"owner\": \"Gerry Kuphal\"}',3,'2019-07-06 14:11:51','2021-02-22 22:35:56'),(281,41,'http://dropbox.net/vk/new_year.avi',29431,'{\"owner\": \"Eliseo Hintz\"}',2,'2018-07-26 00:58:16','2021-02-22 22:35:56'),(282,74,'http://dropbox.net/vk/any_film.avi',2333,'{\"owner\": \"Angelo Barton\"}',1,'2019-12-02 23:43:39','2021-02-22 22:35:56'),(283,29,'http://dropbox.net/vk/new_year.jpeg',31731,'{\"owner\": \"Denis Roob\"}',1,'2020-11-06 21:00:02','2021-02-22 22:35:56'),(284,52,'http://dropbox.net/vk/any_music.mpeg',4483,'{\"owner\": \"Porter Johnston\"}',3,'2011-04-09 22:00:11','2021-02-22 22:35:56'),(285,9,'http://dropbox.net/vk/any_music.png',8516,'{\"owner\": \"Catharine Champlin\"}',2,'2011-11-28 00:50:46','2021-02-22 22:35:56'),(286,10,'http://dropbox.net/vk/any_music.jpeg',9673,'{\"owner\": \"Estrella Hilll\"}',3,'2013-03-09 16:16:21','2021-02-22 22:29:14'),(287,92,'http://dropbox.net/vk/new_year.avi',28944,'{\"owner\": \"Jaydon Bruen\"}',3,'2015-06-02 08:02:33','2021-02-22 22:29:14'),(288,92,'http://dropbox.net/vk/new_year.png',38356,'{\"owner\": \"Jaydon Bruen\"}',3,'2020-04-27 18:57:35','2021-02-22 22:35:56'),(289,63,'http://dropbox.net/vk/new_year.avi',27789,'{\"owner\": \"Annabelle Hoppe\"}',1,'2013-09-25 12:25:52','2021-02-22 22:35:56'),(290,56,'http://dropbox.net/vk/photo.png',32012,'{\"owner\": \"Norwood Farrell\"}',2,'2015-03-11 00:49:45','2021-02-22 22:35:56'),(291,83,'http://dropbox.net/vk/photo.avi',36947,'{\"owner\": \"Dallas West\"}',3,'2016-10-07 12:32:48','2021-02-22 22:35:56'),(292,5,'http://dropbox.net/vk/photo.avi',36567,'{\"owner\": \"Elroy Wintheiser\"}',3,'2014-02-21 12:44:24','2021-02-22 22:35:56'),(293,91,'http://dropbox.net/vk/new_year.jpeg',17237,'{\"owner\": \"Estell Volkman\"}',3,'2014-12-24 19:28:20','2021-02-22 22:35:56'),(294,24,'http://dropbox.net/vk/any_music.jpeg',15330,'{\"owner\": \"Luther Hessel\"}',2,'2011-10-08 00:23:10','2021-02-22 22:35:56'),(295,59,'http://dropbox.net/vk/new_year.jpeg',35799,'{\"owner\": \"Orie Carter\"}',2,'2013-10-08 01:54:24','2021-02-22 22:35:56'),(296,85,'http://dropbox.net/vk/any_film.png',12300,'{\"owner\": \"Lauren Gulgowski\"}',3,'2011-03-02 05:19:17','2021-02-22 22:35:56'),(297,12,'http://dropbox.net/vk/any_film.jpeg',2152,'{\"owner\": \"Jessika Paucek\"}',2,'2019-04-27 08:49:39','2021-02-22 22:35:56'),(298,65,'http://dropbox.net/vk/any_film.jpeg',29046,'{\"owner\": \"Nestor Bernhard\"}',2,'2018-12-20 20:01:01','2021-02-22 22:35:56'),(299,9,'http://dropbox.net/vk/new_year.mpeg',18472,'{\"owner\": \"Catharine Champlin\"}',1,'2015-06-04 00:59:09','2021-02-22 22:35:56'),(300,21,'http://dropbox.net/vk/any_film.jpeg',14007,'{\"owner\": \"Hollis Toy\"}',1,'2013-11-10 11:38:01','2021-02-22 22:35:56'),(301,22,'http://dropbox.net/vk/any_film.mpeg',19245,'{\"owner\": \"Selena Dicki\"}',2,'2020-03-31 15:24:32','2021-02-22 22:35:56'),(302,15,'http://dropbox.net/vk/any_music.jpeg',4576,'{\"owner\": \"Daisha Cormier\"}',2,'2016-08-11 21:53:28','2021-02-22 22:35:56'),(303,20,'http://dropbox.net/vk/photo.png',23054,'{\"owner\": \"Marguerite Cremin\"}',2,'2015-02-18 10:25:33','2021-02-22 22:35:56'),(304,64,'http://dropbox.net/vk/photo.jpeg',37994,'{\"owner\": \"Roman Glover\"}',2,'2011-12-31 23:34:25','2021-02-22 22:35:56'),(305,72,'http://dropbox.net/vk/any_music.avi',32594,'{\"owner\": \"Joanne Hartmann\"}',2,'2016-04-01 12:29:26','2021-02-22 22:35:56'),(306,81,'http://dropbox.net/vk/any_music.avi',27005,'{\"owner\": \"Gust Tillman\"}',3,'2016-06-08 15:54:50','2021-02-22 22:35:56'),(307,76,'http://dropbox.net/vk/any_film.png',5457,'{\"owner\": \"Keaton Kozey\"}',2,'2016-03-12 01:34:09','2021-02-22 22:35:56'),(308,33,'http://dropbox.net/vk/any_music.png',37087,'{\"owner\": \"Adrianna Reichert\"}',1,'2016-08-03 11:21:13','2021-02-22 22:35:56'),(309,43,'http://dropbox.net/vk/photo.jpeg',9483,'{\"owner\": \"Lamont Romaguera\"}',1,'2015-06-18 20:31:05','2021-02-22 22:35:56'),(310,32,'http://dropbox.net/vk/any_film.jpeg',25909,'{\"owner\": \"Jared Hauck\"}',1,'2016-06-18 20:33:56','2021-02-22 22:35:56'),(311,88,'http://dropbox.net/vk/new_year.avi',6597,'{\"owner\": \"Madalyn Runte\"}',2,'2013-01-24 10:12:59','2021-02-22 22:35:56'),(312,29,'http://dropbox.net/vk/any_film.avi',11737,'{\"owner\": \"Denis Roob\"}',2,'2011-11-26 09:03:34','2021-02-22 22:35:56'),(313,91,'http://dropbox.net/vk/any_music.jpeg',24965,'{\"owner\": \"Estell Volkman\"}',1,'2015-06-29 09:20:44','2021-02-22 22:35:56'),(314,12,'http://dropbox.net/vk/any_film.mpeg',36855,'{\"owner\": \"Jessika Paucek\"}',2,'2017-09-23 13:48:56','2021-02-22 22:35:56'),(315,63,'http://dropbox.net/vk/photo.mpeg',22380,'{\"owner\": \"Annabelle Hoppe\"}',3,'2021-01-15 20:51:37','2021-02-22 22:35:56'),(316,52,'http://dropbox.net/vk/any_film.png',32854,'{\"owner\": \"Porter Johnston\"}',3,'2018-04-19 06:09:10','2021-02-22 22:35:56'),(317,58,'http://dropbox.net/vk/photo.jpeg',19133,'{\"owner\": \"Ashtyn Conn\"}',2,'2012-11-06 00:05:17','2021-02-22 22:35:56'),(318,97,'http://dropbox.net/vk/new_year.avi',9853,'{\"owner\": \"Jaunita Cruickshank\"}',2,'2018-04-19 14:34:56','2021-02-22 22:35:56'),(319,92,'http://dropbox.net/vk/any_music.mpeg',23601,'{\"owner\": \"Jaydon Bruen\"}',3,'2015-01-19 08:04:03','2021-02-22 22:35:56'),(320,13,'http://dropbox.net/vk/new_year.avi',12830,'{\"owner\": \"Kaya Predovic\"}',3,'2017-01-04 13:11:12','2021-02-22 22:35:56'),(321,77,'http://dropbox.net/vk/any_music.png',15086,'{\"owner\": \"Judd Quigley\"}',3,'2014-03-16 04:27:59','2021-02-22 22:35:56'),(322,59,'http://dropbox.net/vk/any_film.mpeg',222254,'{\"owner\": \"Orie Carter\"}',1,'2014-06-28 10:49:32','2021-02-22 22:35:56'),(323,95,'http://dropbox.net/vk/any_music.avi',4262,'{\"owner\": \"Miles Turner\"}',2,'2020-05-02 06:46:55','2021-02-22 22:35:56'),(324,98,'http://dropbox.net/vk/any_music.png',12262,'{\"owner\": \"Gardner Cartwright\"}',2,'2018-01-31 01:15:18','2021-02-22 22:35:56'),(325,46,'http://dropbox.net/vk/any_film.png',31635,'{\"owner\": \"Sid Wintheiser\"}',1,'2015-02-06 21:27:58','2021-02-22 22:35:56'),(326,21,'http://dropbox.net/vk/photo.mpeg',18394,'{\"owner\": \"Hollis Toy\"}',1,'2016-05-02 21:07:39','2021-02-22 22:35:56'),(327,26,'http://dropbox.net/vk/photo.jpeg',11917,'{\"owner\": \"Tiana Schultz\"}',3,'2014-09-09 06:46:06','2021-02-22 22:35:56'),(328,86,'http://dropbox.net/vk/new_year.avi',17095,'{\"owner\": \"Aaron Senger\"}',1,'2017-01-14 09:45:07','2021-02-22 22:35:56'),(329,54,'http://dropbox.net/vk/any_film.png',5613,'{\"owner\": \"Kaia Gutmann\"}',2,'2011-11-14 23:41:39','2021-02-22 22:29:14'),(330,64,'http://dropbox.net/vk/any_film.avi',16335,'{\"owner\": \"Roman Glover\"}',3,'2016-05-12 02:22:37','2021-02-22 22:35:56'),(331,87,'http://dropbox.net/vk/any_film.png',13226,'{\"owner\": \"Grady Stoltenberg\"}',3,'2020-12-16 01:11:32','2021-02-22 22:35:56'),(332,28,'http://dropbox.net/vk/new_year.mpeg',30678,'{\"owner\": \"Alba Will\"}',3,'2017-08-22 11:51:57','2021-02-22 22:35:56'),(333,73,'http://dropbox.net/vk/any_music.jpeg',30825,'{\"owner\": \"Lou Ledner\"}',2,'2014-06-18 18:54:25','2021-02-22 22:35:56'),(334,42,'http://dropbox.net/vk/any_music.mpeg',29297,'{\"owner\": \"Kris Conroy\"}',3,'2014-08-21 20:51:02','2021-02-22 22:29:14'),(335,71,'http://dropbox.net/vk/any_music.jpeg',16864,'{\"owner\": \"Abe Dickinson\"}',3,'2018-12-22 17:10:52','2021-02-22 22:35:56'),(336,74,'http://dropbox.net/vk/photo.avi',24171,'{\"owner\": \"Angelo Barton\"}',3,'2018-03-03 15:09:34','2021-02-22 22:35:56'),(337,94,'http://dropbox.net/vk/any_film.avi',19768,'{\"owner\": \"Sister Powlowski\"}',3,'2012-09-17 14:07:47','2021-02-22 22:35:56'),(338,73,'http://dropbox.net/vk/photo.avi',14605,'{\"owner\": \"Lou Ledner\"}',1,'2014-06-12 19:41:51','2021-02-22 22:35:56'),(339,12,'http://dropbox.net/vk/any_film.png',35215,'{\"owner\": \"Jessika Paucek\"}',1,'2017-06-01 12:39:04','2021-02-22 22:35:56'),(340,33,'http://dropbox.net/vk/photo.mpeg',4751,'{\"owner\": \"Adrianna Reichert\"}',1,'2015-08-08 19:58:37','2021-02-22 22:29:14'),(341,88,'http://dropbox.net/vk/any_film.mpeg',32979,'{\"owner\": \"Madalyn Runte\"}',2,'2013-05-11 06:22:48','2021-02-22 22:35:56'),(342,57,'http://dropbox.net/vk/new_year.jpeg',33821,'{\"owner\": \"Antonia Ledner\"}',1,'2012-02-15 21:30:10','2021-02-22 22:35:56'),(343,63,'http://dropbox.net/vk/photo.avi',14417,'{\"owner\": \"Annabelle Hoppe\"}',1,'2015-05-13 03:56:07','2021-02-22 22:35:56'),(344,91,'http://dropbox.net/vk/new_year.jpeg',17113,'{\"owner\": \"Estell Volkman\"}',3,'2014-12-05 14:50:06','2021-02-22 22:35:56'),(345,31,'http://dropbox.net/vk/new_year.png',20235,'{\"owner\": \"Alf Kuphal\"}',1,'2017-12-10 13:10:50','2021-02-22 22:35:56'),(346,80,'http://dropbox.net/vk/new_year.png',37891,'{\"owner\": \"Jermaine Hamill\"}',1,'2013-12-29 08:30:06','2021-02-22 22:35:56'),(347,69,'http://dropbox.net/vk/any_film.avi',35819,'{\"owner\": \"Douglas Douglas\"}',1,'2011-12-09 16:20:24','2021-02-22 22:35:56'),(348,41,'http://dropbox.net/vk/any_film.avi',3311,'{\"owner\": \"Eliseo Hintz\"}',1,'2020-04-10 10:49:01','2021-02-22 22:35:56'),(349,23,'http://dropbox.net/vk/photo.jpeg',33438,'{\"owner\": \"Angelica Hirthe\"}',1,'2011-06-12 01:31:35','2021-02-22 22:35:56'),(350,33,'http://dropbox.net/vk/photo.avi',24786,'{\"owner\": \"Adrianna Reichert\"}',2,'2016-05-23 17:06:01','2021-02-22 22:35:56'),(351,59,'http://dropbox.net/vk/any_music.png',2600,'{\"owner\": \"Orie Carter\"}',1,'2020-12-08 02:02:49','2021-02-22 22:35:56'),(352,52,'http://dropbox.net/vk/photo.png',33312,'{\"owner\": \"Porter Johnston\"}',2,'2013-05-20 05:01:49','2021-02-22 22:35:56'),(353,62,'http://dropbox.net/vk/any_film.mpeg',38244,'{\"owner\": \"Maria Bosco\"}',3,'2019-09-11 13:54:55','2021-02-22 22:35:56'),(354,43,'http://dropbox.net/vk/photo.mpeg',25699,'{\"owner\": \"Lamont Romaguera\"}',3,'2012-04-24 22:40:38','2021-02-22 22:35:56'),(355,54,'http://dropbox.net/vk/photo.mpeg',34438,'{\"owner\": \"Kaia Gutmann\"}',3,'2012-11-26 17:16:18','2021-02-22 22:35:56'),(356,92,'http://dropbox.net/vk/new_year.png',33234,'{\"owner\": \"Jaydon Bruen\"}',2,'2014-08-17 12:59:59','2021-02-22 22:35:56'),(357,81,'http://dropbox.net/vk/any_film.mpeg',25516,'{\"owner\": \"Gust Tillman\"}',2,'2014-12-01 16:27:10','2021-02-22 22:35:56'),(358,86,'http://dropbox.net/vk/new_year.jpeg',4210,'{\"owner\": \"Aaron Senger\"}',2,'2011-09-16 18:04:26','2021-02-22 22:35:56'),(359,16,'http://dropbox.net/vk/new_year.mpeg',16448,'{\"owner\": \"Aaron Lakin\"}',1,'2019-07-15 07:01:17','2021-02-22 22:35:56'),(360,73,'http://dropbox.net/vk/any_film.png',27883,'{\"owner\": \"Lou Ledner\"}',3,'2019-05-23 14:08:47','2021-02-22 22:35:56'),(361,51,'http://dropbox.net/vk/photo.avi',4379,'{\"owner\": \"Oceane Zboncak\"}',3,'2014-06-07 04:00:42','2021-02-22 22:35:56'),(362,81,'http://dropbox.net/vk/new_year.png',22761,'{\"owner\": \"Gust Tillman\"}',3,'2019-10-13 17:25:54','2021-02-22 22:35:56'),(363,51,'http://dropbox.net/vk/any_film.png',34158,'{\"owner\": \"Oceane Zboncak\"}',3,'2015-02-26 06:18:11','2021-02-22 22:35:56'),(364,87,'http://dropbox.net/vk/any_music.avi',10498,'{\"owner\": \"Grady Stoltenberg\"}',3,'2015-04-13 19:07:10','2021-02-22 22:35:56'),(365,21,'http://dropbox.net/vk/any_music.avi',17657,'{\"owner\": \"Hollis Toy\"}',2,'2013-09-26 13:03:04','2021-02-22 22:35:56'),(366,17,'http://dropbox.net/vk/any_music.jpeg',9606,'{\"owner\": \"Crystel Hansen\"}',2,'2011-06-14 00:51:10','2021-02-22 22:35:56'),(367,74,'http://dropbox.net/vk/any_music.png',15509,'{\"owner\": \"Angelo Barton\"}',2,'2017-01-28 21:34:36','2021-02-22 22:35:56'),(368,89,'http://dropbox.net/vk/any_music.png',7374,'{\"owner\": \"Johnpaul Conn\"}',2,'2012-12-10 22:06:36','2021-02-22 22:35:56'),(369,58,'http://dropbox.net/vk/any_music.jpeg',29703,'{\"owner\": \"Ashtyn Conn\"}',3,'2017-11-22 22:28:29','2021-02-22 22:35:56'),(370,93,'http://dropbox.net/vk/photo.mpeg',20473,'{\"owner\": \"Kaylah Durgan\"}',3,'2019-02-10 21:01:10','2021-02-22 22:35:56'),(371,57,'http://dropbox.net/vk/new_year.mpeg',16231,'{\"owner\": \"Antonia Ledner\"}',1,'2012-02-28 00:04:10','2021-02-22 22:35:56'),(372,97,'http://dropbox.net/vk/any_music.png',32697,'{\"owner\": \"Jaunita Cruickshank\"}',2,'2016-08-10 05:10:47','2021-02-22 22:35:56'),(373,68,'http://dropbox.net/vk/any_film.png',23174,'{\"owner\": \"Taya Nicolas\"}',3,'2015-06-13 03:42:53','2021-02-22 22:35:56'),(374,80,'http://dropbox.net/vk/new_year.mpeg',37330,'{\"owner\": \"Jermaine Hamill\"}',3,'2015-01-17 22:34:19','2021-02-22 22:35:56'),(375,54,'http://dropbox.net/vk/any_music.avi',30505,'{\"owner\": \"Kaia Gutmann\"}',1,'2013-06-14 14:03:34','2021-02-22 22:35:56'),(376,76,'http://dropbox.net/vk/any_film.avi',18426,'{\"owner\": \"Keaton Kozey\"}',3,'2017-01-25 16:45:37','2021-02-22 22:35:56'),(377,85,'http://dropbox.net/vk/any_music.avi',23018,'{\"owner\": \"Lauren Gulgowski\"}',3,'2020-10-15 09:51:20','2021-02-22 22:35:56'),(378,82,'http://dropbox.net/vk/any_film.png',31100,'{\"owner\": \"Lorine Dietrich\"}',2,'2013-04-26 05:33:23','2021-02-22 22:35:56'),(379,67,'http://dropbox.net/vk/any_film.png',9653,'{\"owner\": \"Tara Homenick\"}',2,'2020-05-29 07:01:22','2021-02-22 22:35:56'),(380,76,'http://dropbox.net/vk/new_year.avi',27480,'{\"owner\": \"Keaton Kozey\"}',3,'2017-02-24 10:53:40','2021-02-22 22:35:56'),(381,46,'http://dropbox.net/vk/photo.avi',13776,'{\"owner\": \"Sid Wintheiser\"}',3,'2017-11-29 17:05:28','2021-02-22 22:29:14'),(382,85,'http://dropbox.net/vk/new_year.jpeg',33333,'{\"owner\": \"Lauren Gulgowski\"}',1,'2016-09-20 00:39:44','2021-02-22 22:35:56'),(383,82,'http://dropbox.net/vk/any_film.jpeg',19133,'{\"owner\": \"Lorine Dietrich\"}',1,'2015-03-27 02:01:09','2021-02-22 22:35:56'),(384,93,'http://dropbox.net/vk/any_music.png',2780,'{\"owner\": \"Kaylah Durgan\"}',2,'2012-12-01 17:42:30','2021-02-22 22:35:56'),(385,30,'http://dropbox.net/vk/any_film.mpeg',20396,'{\"owner\": \"Kathryn Kessler\"}',1,'2018-01-04 04:55:22','2021-02-22 22:35:56'),(386,76,'http://dropbox.net/vk/new_year.jpeg',10896,'{\"owner\": \"Keaton Kozey\"}',3,'2014-05-27 20:06:41','2021-02-22 22:35:56'),(387,89,'http://dropbox.net/vk/any_music.jpeg',28638,'{\"owner\": \"Johnpaul Conn\"}',3,'2014-07-05 15:06:41','2021-02-22 22:35:56'),(388,57,'http://dropbox.net/vk/any_music.jpeg',2698,'{\"owner\": \"Antonia Ledner\"}',3,'2016-02-19 14:58:48','2021-02-22 22:35:56'),(389,47,'http://dropbox.net/vk/new_year.mpeg',35121,'{\"owner\": \"Kendra Cronin\"}',1,'2018-07-25 15:16:18','2021-02-22 22:35:56'),(390,15,'http://dropbox.net/vk/photo.png',1014,'{\"owner\": \"Daisha Cormier\"}',1,'2020-04-22 20:32:11','2021-02-22 22:29:14'),(391,99,'http://dropbox.net/vk/any_film.mpeg',35345,'{\"owner\": \"Josianne O\'Keefe\"}',3,'2019-05-25 22:02:21','2021-02-22 22:35:56'),(392,70,'http://dropbox.net/vk/any_music.jpeg',7769,'{\"owner\": \"Geovanny Nitzsche\"}',3,'2017-12-29 02:41:28','2021-02-22 22:35:56'),(393,93,'http://dropbox.net/vk/any_film.jpeg',14296,'{\"owner\": \"Kaylah Durgan\"}',3,'2013-07-23 18:04:18','2021-02-22 22:35:56'),(394,86,'http://dropbox.net/vk/photo.png',37753,'{\"owner\": \"Aaron Senger\"}',3,'2011-05-03 22:51:19','2021-02-22 22:35:56'),(395,31,'http://dropbox.net/vk/photo.avi',16897,'{\"owner\": \"Alf Kuphal\"}',1,'2017-12-10 04:40:50','2021-02-22 22:35:56'),(396,52,'http://dropbox.net/vk/any_film.jpeg',21119,'{\"owner\": \"Porter Johnston\"}',3,'2017-10-22 12:31:00','2021-02-22 22:35:56'),(397,41,'http://dropbox.net/vk/any_film.png',15760,'{\"owner\": \"Eliseo Hintz\"}',1,'2020-08-20 02:20:25','2021-02-22 22:29:14'),(398,72,'http://dropbox.net/vk/photo.mpeg',21101,'{\"owner\": \"Joanne Hartmann\"}',1,'2012-07-17 21:12:29','2021-02-22 22:35:56'),(399,67,'http://dropbox.net/vk/photo.png',12271,'{\"owner\": \"Tara Homenick\"}',2,'2020-09-28 18:42:43','2021-02-22 22:35:56'),(400,58,'http://dropbox.net/vk/any_music.jpeg',27610,'{\"owner\": \"Ashtyn Conn\"}',1,'2020-04-23 06:48:10','2021-02-22 22:35:56'),(401,9,'http://dropbox.net/vk/any_music.png',17916,'{\"owner\": \"Catharine Champlin\"}',2,'2016-09-24 05:56:01','2021-02-22 22:35:56'),(402,35,'http://dropbox.net/vk/any_music.png',6655,'{\"owner\": \"Sabrina Grimes\"}',2,'2018-06-04 18:35:03','2021-02-22 22:35:56'),(403,44,'http://dropbox.net/vk/any_film.jpeg',37361,'{\"owner\": \"Gerry Kuphal\"}',2,'2017-10-18 10:10:26','2021-02-22 22:35:56'),(404,26,'http://dropbox.net/vk/any_music.avi',27340,'{\"owner\": \"Tiana Schultz\"}',2,'2018-12-24 14:14:11','2021-02-22 22:35:56'),(405,73,'http://dropbox.net/vk/new_year.mpeg',17770,'{\"owner\": \"Lou Ledner\"}',2,'2015-12-06 04:23:09','2021-02-22 22:35:56');
/*!40000 ALTER TABLE `media` ENABLE KEYS */;
UNLOCK TABLES;

--
-- Table structure for table `media_types`
--

DROP TABLE IF EXISTS `media_types`;
/*!40101 SET @saved_cs_client     = @@character_set_client */;
/*!50503 SET character_set_client = utf8mb4 */;
CREATE TABLE `media_types` (
  `id` int unsigned NOT NULL AUTO_INCREMENT COMMENT 'Идентификатор строки',
  `name` varchar(255) CHARACTER SET utf8mb4 COLLATE utf8mb4_unicode_ci NOT NULL COMMENT 'Название типа',
  `created_at` datetime DEFAULT CURRENT_TIMESTAMP COMMENT 'Время создания строки',
  `updated_at` datetime DEFAULT CURRENT_TIMESTAMP ON UPDATE CURRENT_TIMESTAMP COMMENT 'Время обновления строки',
  PRIMARY KEY (`id`),
  UNIQUE KEY `name` (`name`)
) ENGINE=InnoDB AUTO_INCREMENT=4 DEFAULT CHARSET=utf8mb4 COLLATE=utf8mb4_unicode_ci COMMENT='Типы медиафайлов';
/*!40101 SET character_set_client = @saved_cs_client */;

--
-- Dumping data for table `media_types`
--

LOCK TABLES `media_types` WRITE;
/*!40000 ALTER TABLE `media_types` DISABLE KEYS */;
INSERT INTO `media_types` VALUES (1,'photo','2021-02-22 22:36:19','2021-02-22 22:36:19'),(2,'video','2021-02-22 22:36:19','2021-02-22 22:36:19'),(3,'audio','2021-02-22 22:36:19','2021-02-22 22:36:19');
/*!40000 ALTER TABLE `media_types` ENABLE KEYS */;
UNLOCK TABLES;

--
-- Table structure for table `messages`
--

DROP TABLE IF EXISTS `messages`;
/*!40101 SET @saved_cs_client     = @@character_set_client */;
/*!50503 SET character_set_client = utf8mb4 */;
CREATE TABLE `messages` (
  `id` int unsigned NOT NULL AUTO_INCREMENT COMMENT 'Идентификатор строки',
  `from_user_id` int unsigned NOT NULL COMMENT 'Ссылка на отправителя сообщения',
  `to_user_id` int unsigned NOT NULL COMMENT 'Ссылка на получателя сообщения',
  `body` text CHARACTER SET utf8mb4 COLLATE utf8mb4_unicode_ci NOT NULL COMMENT 'Текст сообщения',
  `is_important` tinyint(1) DEFAULT NULL COMMENT 'Признак важности',
  `is_delivered` tinyint(1) DEFAULT NULL COMMENT 'Признак доставки',
  `created_at` datetime DEFAULT CURRENT_TIMESTAMP COMMENT 'Время создания строки',
  PRIMARY KEY (`id`)
) ENGINE=InnoDB AUTO_INCREMENT=101 DEFAULT CHARSET=utf8mb4 COLLATE=utf8mb4_unicode_ci COMMENT='Сообщения';
/*!40101 SET character_set_client = @saved_cs_client */;

--
-- Dumping data for table `messages`
--

LOCK TABLES `messages` WRITE;
/*!40000 ALTER TABLE `messages` DISABLE KEYS */;
INSERT INTO `messages` VALUES (1,86,95,'Nulla assumenda minima nulla sed ut. Optio quia est nemo quod dicta sed. Non qui laboriosam earum qui dolorem ducimus.',0,1,'2013-01-06 22:40:24'),(2,9,64,'Consequatur eum voluptatem consequatur. Cumque porro pariatur deserunt qui perferendis repudiandae id. Eaque maiores recusandae aspernatur.',0,1,'2017-02-13 16:17:27'),(3,65,92,'Voluptate rem est quo ea ipsum. Totam tempore provident inventore animi et voluptatem et. Voluptatem totam optio reiciendis rerum. Labore quo ut beatae qui dicta amet suscipit.',0,0,'2020-03-23 19:33:46'),(4,2,90,'Nostrum blanditiis maiores deserunt animi est. Laudantium velit facere et fugiat suscipit omnis beatae.',1,0,'2020-07-10 03:12:23'),(5,1,29,'Vel quos velit quisquam consequatur ut quos. Eius praesentium omnis officiis ullam est. Sint ullam nemo eveniet dolorum et laborum impedit. Soluta neque et adipisci.',0,1,'2020-06-17 08:53:41'),(6,100,39,'Ut corrupti sed et voluptatem sint. Dolorem dicta quia dolor error ut. Reprehenderit similique saepe praesentium voluptates voluptatem similique ut magni.',0,0,'2014-01-16 14:09:41'),(7,29,89,'Fuga eum voluptatem corrupti qui atque. Dolor saepe optio iure id. Voluptates reiciendis harum eos eaque error aut ea officiis. Recusandae distinctio ipsum earum explicabo iusto facilis quas.',0,0,'2014-04-27 01:27:53'),(8,5,97,'Vitae rerum quaerat neque aut minima. Et magnam in voluptatem nisi expedita. Magnam ex fugiat id quia nihil. Qui hic sint in vitae officiis hic.',0,1,'2015-07-28 12:21:45'),(9,90,32,'Necessitatibus aperiam quia adipisci hic voluptatem ab. Quam rem atque minus occaecati. Nulla repellat vitae et qui dolor.',1,1,'2015-07-29 12:09:47'),(10,74,90,'Quia laudantium occaecati totam laborum placeat nihil vero. Numquam est voluptatem quaerat dolore et est ut.',1,1,'2014-12-10 02:37:44'),(11,44,61,'Atque non eveniet maiores dicta dolore. Modi sint consectetur dolorem consequuntur. Voluptates qui amet est dolorem nam.',0,1,'2018-08-07 08:16:11'),(12,9,56,'Illo incidunt occaecati molestiae doloribus. Sunt debitis expedita earum et et ratione. Nemo quisquam qui velit tempora sed consequuntur sequi. Corrupti quis atque blanditiis consectetur doloremque.',0,1,'2012-07-21 06:49:36'),(13,59,24,'Et rerum rerum sit nihil. Quibusdam expedita et quis consequatur sit repellendus explicabo quisquam. Aut et consequatur iste nobis dignissimos eveniet.',1,1,'2017-04-24 22:56:40'),(14,20,58,'Optio odit atque nihil illo voluptates voluptatem quisquam sunt. Sed voluptas nesciunt omnis magni culpa magnam enim sit. Provident sit ratione minus dolorem.',0,0,'2015-01-15 18:36:08'),(15,67,38,'Cupiditate rerum aut corrupti quas. Eaque eos aut in neque illo. Ut officia repellendus autem rerum animi distinctio. Enim deleniti modi praesentium quia deserunt doloremque.',0,1,'2016-07-20 22:42:33'),(16,62,13,'Aut dolor laudantium nihil. Quibusdam ipsum qui voluptatum impedit rem molestias qui. Cumque est qui dolor.',1,1,'2019-10-15 17:22:52'),(17,25,30,'Rem eveniet aut et facilis culpa. Tempore labore at et laboriosam sint rerum.',1,1,'2020-11-10 06:45:08'),(18,65,18,'Aliquam doloribus aut quam dolor error. Iste sunt aut minima dolor sapiente non ut. Mollitia sit voluptas consectetur occaecati deserunt.',0,1,'2021-02-05 08:08:59'),(19,52,70,'Minima iste non voluptas aut rerum reiciendis. Suscipit laboriosam est architecto fugit. Sed quaerat voluptas omnis voluptatem quisquam aut.',1,0,'2012-07-07 13:41:14'),(20,28,33,'Adipisci unde nulla et fuga eaque. Dolores et nulla saepe eaque quis cupiditate. Sunt vel consequatur aut eum autem quo perspiciatis.',0,0,'2020-01-20 01:02:58'),(21,53,33,'Enim a aliquid quas dolor ut. Quia aut optio excepturi accusamus reiciendis recusandae. Et vel perspiciatis veritatis totam quae.',0,0,'2014-03-03 03:25:23'),(22,51,88,'Velit et porro ullam molestiae. Nisi exercitationem velit aut laboriosam eos laudantium.',1,0,'2019-06-19 05:31:34'),(23,35,18,'Aut ut quaerat quisquam enim. Ea ratione officiis harum est dolor. Ad vel perferendis quo possimus laboriosam quod.',1,1,'2019-03-05 05:29:26'),(24,58,70,'Eos aut odit qui vero rem. Quia expedita dolor quis dolorem nesciunt tempore qui. Expedita quia nesciunt est repudiandae quaerat tenetur facere tenetur.',1,1,'2015-12-31 18:33:55'),(25,30,66,'Nobis nisi dolor magni veniam. Illum tempore error ut id non. Minima facere provident est laboriosam voluptatum perspiciatis perferendis. Qui corrupti alias natus ab.',0,0,'2020-01-04 14:22:57'),(26,85,52,'Omnis cumque recusandae quia placeat et eum. Id nihil qui quae distinctio ad velit nemo. Deserunt aspernatur itaque iure impedit. Delectus et quam dolorum soluta ea ex dolor.',1,0,'2013-02-04 00:06:42'),(27,66,49,'Ea itaque corporis reprehenderit aut sunt rerum. Alias quo libero voluptates laboriosam. Deleniti voluptatum non enim eaque nulla temporibus.',1,1,'2011-10-12 05:38:48'),(28,49,52,'Quidem explicabo inventore ut quisquam repudiandae quod maxime. Sit vitae maiores quia minima molestiae. Assumenda modi maxime sint veritatis et quo incidunt. Ullam repellendus aut nostrum.',1,1,'2021-01-05 03:53:52'),(29,42,31,'Aut et similique tempora accusamus quas a. Non culpa eius similique. Incidunt aperiam et veniam magni quia.',1,1,'2016-05-15 09:07:13'),(30,15,91,'Quis dolor ad repudiandae expedita. Et sapiente laborum quibusdam ut. Consequuntur quis quis architecto beatae eligendi nihil dolores.',0,0,'2016-03-26 23:42:11'),(31,90,51,'Dolores fugit qui sit. Dolor et tempore doloribus aliquam dolores tempora deserunt. Soluta natus et autem et sunt. Nulla est fuga quia doloribus voluptatum labore doloribus.',1,1,'2013-06-11 14:56:44'),(32,6,56,'Voluptatem molestias vel deleniti quas accusamus est vitae. Vel explicabo rerum illo rerum velit. Autem odio aut voluptate et. Velit distinctio iste quasi qui animi.',1,0,'2014-07-26 13:30:13'),(33,22,95,'Nulla at enim adipisci aperiam nesciunt natus. Quia voluptatem ullam odit et vel et. Quae corrupti ratione saepe quo ut voluptatem explicabo.',1,0,'2017-08-20 22:57:15'),(34,42,90,'Esse est nihil quaerat minus ea. Omnis nisi ut quisquam soluta voluptate ut libero iusto. Tempora modi molestias aut. Quo recusandae sequi quia adipisci in.',0,1,'2017-05-29 19:22:32'),(35,69,20,'Vel explicabo maxime a ut. Ducimus tenetur voluptatem reprehenderit porro. Eveniet repellat quia quod itaque deleniti molestias fuga impedit. Inventore nobis earum soluta quo molestiae.',1,0,'2014-02-11 11:59:05'),(36,83,54,'Odio ullam voluptatem in. Nam voluptates debitis eos rerum sapiente officia quos nemo. Dolor nihil laboriosam rem nemo odio occaecati.',0,1,'2017-08-28 17:54:23'),(37,45,67,'Qui et quis aspernatur sed maiores a. Sed libero iste eum provident. Assumenda rerum enim consequatur iusto eaque. Cupiditate non aut et laudantium eos sequi. Quae illo qui qui commodi nihil.',0,1,'2020-04-10 09:11:21'),(38,15,100,'Quos molestiae quisquam laboriosam voluptatum ea inventore. Ullam optio qui itaque dicta. Aut doloremque libero molestiae in consequatur cum.',1,0,'2018-05-15 20:17:44'),(39,62,68,'Nihil at accusamus voluptatem perferendis alias. Et illum error eum facilis delectus fugiat.',1,1,'2016-09-14 07:56:10'),(40,87,63,'Sed exercitationem itaque est voluptatum nesciunt voluptates. Ut ratione ratione nobis alias tenetur asperiores ut. Fugit est enim labore et pariatur. Et culpa dolorem quis et.',0,0,'2017-01-18 14:17:03'),(41,64,95,'Expedita non natus sit asperiores eligendi perspiciatis et. Libero dolor ut officiis amet dolores enim. Occaecati asperiores consequatur blanditiis maiores et in.',0,1,'2012-06-29 21:58:25'),(42,29,80,'Ex consectetur fugiat dolores nulla deleniti vel voluptas. Nulla qui praesentium sed quia. Dolor nulla fugiat soluta facere ut magni perspiciatis. Perferendis consequuntur rerum pariatur quidem.',1,0,'2017-09-07 23:21:09'),(43,83,60,'Suscipit aliquid qui ut itaque nam non accusamus. Asperiores fugiat tempora error sapiente. Voluptas cupiditate aut porro.',1,0,'2012-02-12 09:49:55'),(44,37,61,'Hic eius eveniet cupiditate porro. Quia numquam velit harum molestiae consequatur qui suscipit. Sed veritatis qui fuga ad.',0,1,'2018-07-03 10:26:41'),(45,20,34,'Ut incidunt et illum. Ab rem fugit laborum incidunt esse. Quia vel dolor qui non sit repellat. Vel quas debitis officiis eveniet consequatur eveniet qui.',1,0,'2017-08-31 07:48:53'),(46,65,67,'Et voluptatum soluta voluptatem rerum reiciendis porro natus. Nihil cupiditate enim sint ipsam soluta sint fugit. Doloremque et qui vel dolore impedit reiciendis.',1,0,'2011-05-15 01:36:26'),(47,8,97,'Maiores voluptate voluptas error eligendi sint. Quibusdam dolor nobis error quod doloremque velit error. Voluptatum libero provident sint exercitationem fugiat.',1,1,'2021-01-03 08:17:10'),(48,89,70,'Repellat iure delectus et tenetur voluptatibus. Distinctio voluptas deleniti quisquam et ipsam. Consequatur voluptatem ut voluptas. Mollitia facilis omnis sint a corporis nobis.',1,1,'2016-03-19 14:33:43'),(49,24,36,'Maxime et fugiat praesentium pariatur asperiores corrupti. Quae eum voluptatem nisi et harum quod. Rem nostrum quidem optio neque. Amet rerum voluptates pariatur et.',1,0,'2018-05-10 18:16:50'),(50,80,20,'Ipsam sint nam neque distinctio est. Vel ullam eveniet mollitia consectetur qui sunt.\nQui illo consequatur sit eum unde inventore. Magni possimus qui omnis dolore. Et ut esse magnam omnis quis.',1,0,'2015-04-18 04:42:36'),(51,64,7,'Unde ea dignissimos tenetur consequatur. Eum doloremque magnam aut et eos ullam. Eligendi ut minus et aut et sed. Sed alias ut quis officia pariatur aut consequatur.',0,1,'2020-09-21 05:48:14'),(52,5,28,'Tenetur non autem exercitationem vel aperiam. Modi reiciendis cum recusandae voluptas quia provident. Doloribus expedita quo soluta itaque reprehenderit quidem molestiae.',0,0,'2014-11-24 19:18:42'),(53,70,44,'Inventore voluptate alias magnam dolorem vitae aspernatur qui. Aut commodi optio eos rerum velit quam. Eveniet cupiditate omnis voluptate et tenetur possimus.',0,0,'2016-07-02 01:53:57'),(54,91,23,'Est dolorem eligendi non eos quisquam. Ipsum dicta dolore expedita non.',0,0,'2013-09-10 01:16:36'),(55,43,79,'Vero error mollitia qui similique perspiciatis. Corrupti sint ad ipsa labore et est fugit.',0,1,'2012-01-12 02:56:09'),(56,42,49,'Iste eum aliquam commodi mollitia. Esse sunt qui qui nemo sequi beatae dolore perferendis. Saepe occaecati alias in. Ipsum quis dolor ea.',0,0,'2018-11-23 13:08:12'),(57,21,39,'Nulla ut debitis sequi dolor aut et quia. A cumque quia laborum magnam. Debitis sit reprehenderit numquam. Aliquam molestiae exercitationem nobis dolore eum doloremque beatae.',1,0,'2019-07-22 18:33:43'),(58,83,56,'Minima qui eaque voluptatibus harum. Velit est explicabo perspiciatis aspernatur possimus. Hic rerum aut corrupti et.',1,1,'2018-10-01 11:36:34'),(59,96,90,'Non omnis aperiam animi veritatis magnam libero nam. Voluptatibus repellendus placeat explicabo nisi. Natus natus et dolores earum sed.',0,0,'2014-02-16 09:47:04'),(60,84,93,'Aut eius alias optio quia quaerat aperiam. Aut ex dolorum nam ab aliquam odit eos. Mollitia voluptatem optio magni quia voluptas maxime. Architecto itaque consequatur consectetur pariatur.',0,1,'2019-12-15 17:45:14'),(61,100,46,'Provident qui dolores error vel similique ea quam. Aut et voluptate consectetur. Quasi harum omnis et voluptate autem dolorem qui.',1,1,'2011-10-24 03:33:21'),(62,65,79,'Maiores dicta dolorum placeat temporibus est quibusdam. Itaque aliquam deserunt reprehenderit et. Cupiditate dicta quia incidunt. Dolor sunt laboriosam nulla sunt aut.',1,0,'2016-05-03 10:31:58'),(63,84,30,'Qui placeat ipsam animi repellat voluptate perspiciatis exercitationem. Id eveniet et sint dolorem non nobis esse. Velit ut voluptatum dolorem sed odit neque.',1,1,'2019-06-07 01:12:53'),(64,7,25,'Ex aspernatur voluptates beatae. Nesciunt blanditiis voluptatem ex et cum. Beatae dolores et necessitatibus. Voluptate quibusdam expedita odit.',0,0,'2013-12-30 07:17:49'),(65,100,46,'Ut ullam ducimus et et possimus similique laudantium odit. Et provident sit dolore aut. Ut esse et impedit quia commodi similique ipsum sequi. Perferendis provident odit et ut alias.',1,0,'2020-03-05 00:52:29'),(66,95,45,'Sed non labore eveniet quis animi. Cumque ut quisquam modi qui. Quidem asperiores tempora sed veritatis minima omnis minus. Dolore cumque et modi iure.',0,0,'2017-04-07 18:40:39'),(67,27,6,'Inventore tempore quas aut. Fuga est eveniet sunt non ut minus nihil. Ut facilis aut qui alias.',1,1,'2014-05-20 08:15:07'),(68,19,89,'Cupiditate totam eum veritatis aut eos minima. Consequatur velit nisi praesentium ea voluptas soluta.',1,1,'2014-06-17 07:11:11'),(69,57,31,'Qui tempore odit qui provident corporis perferendis. Hic molestiae amet facilis corrupti dolore sed ipsam. Voluptatem aut assumenda deserunt numquam.',1,0,'2014-10-03 21:45:54'),(70,71,1,'Alias et voluptatem in excepturi voluptas neque. Rerum vitae culpa reiciendis voluptas vel quam accusantium. Dolorum dolores cupiditate ipsam aliquid. Officiis omnis eum facere eaque distinctio.',0,1,'2014-01-08 03:37:42'),(71,66,47,'Laboriosam officia aspernatur ratione quibusdam ut assumenda. Est voluptates delectus ab est eveniet asperiores molestias. Consequuntur corrupti quia consectetur quod itaque delectus.',1,0,'2011-07-15 20:59:49'),(72,19,85,'Rerum aut repudiandae nostrum dicta id labore. Aliquam optio aut non dolorem. Id doloremque vel voluptatem optio veniam. Delectus et deleniti est.',1,1,'2014-04-18 20:54:38'),(73,88,28,'Aliquam culpa praesentium qui amet qui et quia dicta. Amet optio sit temporibus quaerat. Sint dolorum id eligendi dolor dolorum. Ullam perspiciatis hic et quia unde qui.',1,0,'2016-11-16 11:35:23'),(74,2,71,'Enim aut distinctio dolorem accusantium. Quaerat rerum commodi architecto ullam. Excepturi tempore tempora omnis numquam odio. Qui praesentium voluptate beatae molestiae.',0,0,'2014-05-20 06:14:41'),(75,33,100,'Nemo et ut incidunt maxime. Earum officiis odit ullam et fugit assumenda. Nesciunt aliquid consequatur esse veritatis aspernatur consequuntur perferendis voluptates.',0,0,'2012-12-25 21:48:18'),(76,96,27,'Temporibus fuga sit error. Sequi aut quod deserunt. Laboriosam vel nemo illum quia eius. Amet fugit nihil dolor eos est doloribus.',1,0,'2011-10-28 09:56:07'),(77,84,39,'Et omnis consequatur sint dolorum. Sequi labore dignissimos quisquam rerum cum fugit occaecati.',1,1,'2013-05-27 13:43:48'),(78,56,84,'Qui fugiat reprehenderit velit nihil voluptas perferendis aut. Molestiae nemo sunt a velit nesciunt. Eum laudantium iusto voluptatem qui distinctio aut. Asperiores maxime est quos laborum.',0,1,'2020-08-02 03:03:51'),(79,82,62,'Cupiditate quidem repellat temporibus quod. Aliquam et amet sequi non voluptatem. Voluptates nesciunt repudiandae ex quod.',0,0,'2012-08-30 03:33:51'),(80,11,43,'Ex voluptas optio quas sint reprehenderit. Itaque quasi doloremque fugit qui. Nisi repudiandae assumenda sunt rerum sapiente quis.',0,0,'2014-06-21 11:35:48'),(81,67,30,'Iste earum distinctio dolor ipsam exercitationem repudiandae. Sequi voluptate corporis tempore laborum qui. Culpa eum quo voluptate. Nemo aut quis quibusdam expedita autem omnis quibusdam.',1,1,'2019-05-01 05:22:12'),(82,27,92,'Ducimus similique rem nostrum at eligendi voluptatem maxime. Dolores ut aperiam suscipit alias. Voluptates perferendis neque quia dolores dolorem et sit.',0,0,'2012-07-16 16:58:29'),(83,8,56,'Quibusdam necessitatibus ipsa sequi dolorum veniam rerum sed. Doloribus exercitationem expedita officiis id consequatur et.',0,1,'2016-02-08 13:24:06'),(84,36,86,'Perferendis voluptate dicta illo. Enim dolores aliquam similique sed soluta in voluptates. Ut itaque quia autem dolor quis.',0,1,'2012-12-01 19:17:52'),(85,44,37,'Similique perspiciatis pariatur doloremque autem porro est. Exercitationem quasi debitis aut velit ut consectetur explicabo at. Ut ut id assumenda.',0,0,'2014-03-30 18:22:55'),(86,24,30,'Sunt cum corporis dolorem beatae. Impedit autem labore quidem aut magnam optio veritatis.',0,0,'2012-11-30 11:38:50'),(87,19,15,'Quis id est qui. Laborum consectetur mollitia sapiente minima eos reprehenderit. Illum ad qui aut eveniet laboriosam et enim. Vel earum et et qui.',0,0,'2019-04-20 20:53:20'),(88,23,40,'Ipsam corrupti quia eaque doloremque libero ea eaque. Quasi repellendus ut sint enim quam sit illum.\nQui aut est qui rerum ut molestias. Sint veniam distinctio exercitationem possimus doloribus.',1,0,'2020-05-15 12:34:54'),(89,34,88,'Omnis incidunt sed soluta debitis excepturi voluptates eius. Rem et laboriosam hic odit et iste dolores. Maxime asperiores exercitationem maxime. Sit natus velit id alias reiciendis harum.',1,0,'2014-08-01 04:38:24'),(90,16,55,'Magni maxime sequi dicta qui reprehenderit incidunt. Rerum optio minima voluptatum quia doloremque. Eum sunt et dolorem quibusdam reprehenderit. Dolorem tempore qui repellat maxime temporibus ad.',0,1,'2013-02-06 19:28:52'),(91,17,77,'Sunt quia harum similique placeat et id quis. Est inventore aut itaque amet sit nam quos. Voluptatem dicta et est mollitia dolorem autem impedit.',0,1,'2021-02-09 05:17:45'),(92,35,8,'Quos dolorem magni dicta temporibus sed et alias. Incidunt maiores impedit et odio quae. Sit voluptas voluptatem consequatur maxime a facere repellat. Officiis ut impedit et consectetur eius.',0,0,'2016-10-04 17:17:39'),(93,36,23,'Quis nesciunt facere molestias consequatur. Vero ducimus voluptate consequatur est. Itaque similique ratione autem excepturi voluptates.',0,0,'2019-09-29 16:21:28'),(94,82,23,'Veritatis quae aperiam odio iusto est quibusdam. Aut consequatur consequatur est blanditiis nostrum. Natus recusandae numquam at illum ullam dignissimos expedita.',1,0,'2011-10-24 15:00:16'),(95,80,20,'Autem voluptatem est dolor non. Architecto laboriosam facilis cum.',1,0,'2020-12-09 16:03:46'),(96,18,69,'Distinctio veritatis similique sint consectetur. Ratione commodi et iure placeat ipsa soluta. Culpa quo nisi est. Quasi corporis odio quo quisquam saepe similique non omnis.',0,0,'2018-10-06 20:28:28'),(97,32,48,'Voluptas ea autem neque illum. Laboriosam veniam culpa impedit iure minima et. Minus aut saepe quis nisi eius odio.',0,0,'2015-09-04 09:40:49'),(98,66,84,'Laborum nesciunt dolorum molestiae consectetur. Est sed maiores quisquam. Vero recusandae debitis officiis nobis sit provident et quisquam. Ex nobis omnis dicta quo omnis vel quaerat.',0,0,'2017-09-05 13:43:07'),(99,68,31,'Officiis quod voluptatem et commodi. Ab et facere et. Odio ducimus mollitia voluptas accusantium sit.',0,1,'2014-05-22 09:47:49'),(100,45,79,'Temporibus ut quisquam cupiditate consectetur a quam. Atque odit nihil aliquid vitae voluptate harum eos. Et vero ea nesciunt aut sit inventore. Cumque optio corrupti laboriosam ut.',0,0,'2011-04-11 12:23:48');
/*!40000 ALTER TABLE `messages` ENABLE KEYS */;
UNLOCK TABLES;

--
-- Table structure for table `profiles`
--

DROP TABLE IF EXISTS `profiles`;
/*!40101 SET @saved_cs_client     = @@character_set_client */;
/*!50503 SET character_set_client = utf8mb4 */;
CREATE TABLE `profiles` (
  `user_id` int unsigned NOT NULL COMMENT 'Ссылка на пользователя',
  `gender` enum('M','F') COLLATE utf8mb4_unicode_ci DEFAULT NULL,
  `birthday` date DEFAULT NULL COMMENT 'Дата рождения',
  `city` varchar(130) CHARACTER SET utf8mb4 COLLATE utf8mb4_unicode_ci DEFAULT NULL COMMENT 'Город проживания',
  `country` varchar(130) CHARACTER SET utf8mb4 COLLATE utf8mb4_unicode_ci DEFAULT NULL COMMENT 'Страна проживания',
  `last_login` datetime DEFAULT NULL COMMENT 'Последний вход в систему',
  `created_at` datetime DEFAULT CURRENT_TIMESTAMP COMMENT 'Время создания строки',
  `updated_at` datetime DEFAULT CURRENT_TIMESTAMP ON UPDATE CURRENT_TIMESTAMP COMMENT 'Время обновления строки',
  PRIMARY KEY (`user_id`),
  CONSTRAINT `fk_profile_users` FOREIGN KEY (`user_id`) REFERENCES `users` (`id`)
) ENGINE=InnoDB DEFAULT CHARSET=utf8mb4 COLLATE=utf8mb4_unicode_ci COMMENT='Профили';
/*!40101 SET character_set_client = @saved_cs_client */;

--
-- Dumping data for table `profiles`
--

LOCK TABLES `profiles` WRITE;
/*!40000 ALTER TABLE `profiles` DISABLE KEYS */;
INSERT INTO `profiles` VALUES (1,'F','2006-08-12','North Monroe','USA','2020-07-26 12:25:03','2016-01-11 12:01:12','2021-02-22 22:00:22'),(2,'M','1978-08-23','South Yesseniaburgh','Belarus','2020-04-15 19:06:54','2012-05-14 13:59:52','2021-02-22 22:00:22'),(3,'M','2002-08-15','Port Kristoffer','Belarus','2021-01-29 14:15:21','2015-05-08 11:59:43','2021-02-22 22:00:22'),(4,'F','2012-12-14','Kuhnview','Germany','2020-03-02 14:24:03','2017-07-21 05:37:03','2021-02-22 22:00:22'),(5,'M','1990-05-24','Darenshire','USA','2021-02-03 17:47:24','2011-08-07 11:28:16','2021-02-22 22:00:22'),(6,'M','2015-03-25','East Marchaven','Russian Federation','2020-06-23 08:56:17','2015-10-12 23:25:24','2021-02-22 22:00:22'),(7,'M','1974-01-09','Millston','Russian Federation','2020-06-22 07:04:03','2014-05-31 10:34:10','2021-02-22 22:00:22'),(8,'F','1974-06-09','North Issac','Russian Federation','2020-06-06 10:09:21','2016-01-10 15:07:47','2021-02-22 22:00:22'),(9,'F','1974-04-06','Port Melvina','USA','2020-10-26 13:18:33','2013-01-09 20:22:34','2021-02-22 22:00:22'),(10,'M','1984-10-30','Queenside','Germany','2020-11-25 00:50:54','2018-07-20 23:01:32','2021-02-22 22:00:22'),(11,'M','1986-01-23','Lake Gailchester','Belarus','2020-04-14 02:15:45','2014-09-17 12:50:37','2021-02-22 22:00:22'),(12,'M','1976-09-21','Abagailberg','Germany','2020-05-07 20:50:14','2019-11-01 07:46:38','2021-02-22 22:00:22'),(13,'F','1974-08-29','Earnestinehaven','Belarus','2020-08-10 13:44:42','2014-04-23 22:04:42','2021-02-22 22:00:22'),(14,'F','1973-01-31','Lonnyside','USA','2020-11-16 21:02:24','2012-09-02 19:48:11','2021-02-22 22:00:22'),(15,'M','1985-07-19','Marianamouth','Belarus','2020-06-24 00:44:30','2011-04-12 20:28:35','2021-02-22 22:00:22'),(16,'M','1973-09-19','Millstown','Russian Federation','2020-08-28 06:01:40','2013-07-07 08:30:04','2021-02-22 22:00:22'),(17,'M','2006-08-22','Vonhaven','Russian Federation','2021-01-06 14:22:04','2019-04-27 23:48:45','2021-02-22 22:00:22'),(18,'F','2004-12-20','Adeliafort','Germany','2020-06-27 04:21:22','2020-10-01 03:02:14','2021-02-22 22:00:22'),(19,'M','1993-10-31','Glovershire','Germany','2021-01-12 22:13:39','2020-02-22 09:10:18','2021-02-22 22:00:22'),(20,'M','2008-03-20','Lake Kasandrahaven','Germany','2020-07-15 17:48:10','2017-07-23 01:06:38','2021-02-22 22:00:22'),(21,'F','1996-06-09','Adeliaside','USA','2020-12-19 21:35:48','2014-02-21 08:41:12','2021-02-22 22:00:22'),(22,'F','1978-07-22','Rickystad','Germany','2020-11-12 07:12:43','2016-12-05 07:19:09','2021-02-22 22:00:22'),(23,'M','1975-12-05','North Margret','USA','2020-12-16 19:06:56','2018-01-18 18:46:51','2021-02-22 22:00:22'),(24,'M','2021-01-10','Mohrborough','Russian Federation','2020-07-27 16:27:12','2014-12-14 08:31:12','2021-02-22 22:00:22'),(25,'M','1981-05-17','Kozeybury','Russian Federation','2020-10-15 11:48:51','2018-03-22 12:07:22','2021-02-22 22:00:22'),(26,'M','1996-09-26','Celestineport','Belarus','2020-07-06 07:57:17','2016-08-11 11:00:26','2021-02-22 22:00:22'),(27,'M','1975-10-20','Port Sherwoodstad','USA','2021-01-18 14:59:41','2018-02-01 10:28:32','2021-02-22 22:00:22'),(28,'F','1996-08-05','North Raphaelland','Germany','2020-04-24 09:54:21','2011-09-14 09:41:13','2021-02-22 22:00:22'),(29,'F','1998-01-27','North Lamarhaven','Belarus','2020-04-28 01:22:31','2017-08-26 15:26:35','2021-02-22 22:00:22'),(30,'M','1976-04-26','Schmidthaven','Belarus','2020-07-16 12:20:52','2017-11-04 16:58:56','2021-02-22 22:00:22'),(31,'M','1995-11-19','West Demario','Belarus','2020-03-18 08:13:06','2016-05-26 19:57:25','2021-02-22 22:00:22'),(32,'M','1982-10-07','Hicklemouth','Germany','2021-01-01 15:39:25','2019-08-31 17:07:08','2021-02-22 22:00:22'),(33,'M','1979-08-15','East Lauretta','USA','2020-03-09 06:00:08','2020-01-09 14:35:46','2021-02-22 22:00:22'),(34,'M','1981-09-29','Adrienchester','Belarus','2020-09-14 03:43:40','2020-06-19 13:29:23','2021-02-22 22:00:22'),(35,'M','2003-12-15','Rosendoborough','Germany','2020-10-26 02:22:18','2016-01-21 12:42:45','2021-02-22 22:00:22'),(36,'M','1980-05-03','South Alexanebury','Russian Federation','2021-01-22 17:04:00','2015-10-31 23:48:21','2021-02-22 22:00:22'),(37,'M','1990-09-02','Camilleton','Germany','2020-02-22 19:44:07','2013-03-01 23:24:08','2021-02-22 22:00:22'),(38,'M','1985-05-01','South Anitaport','Belarus','2021-02-18 23:51:25','2014-05-30 16:06:06','2021-02-22 22:00:22'),(39,'M','1985-12-02','Sincereburgh','Russian Federation','2020-10-29 20:52:23','2012-11-10 14:37:50','2021-02-22 22:00:22'),(40,'M','1986-02-17','Kossfort','Germany','2020-05-31 12:50:50','2014-06-06 06:29:48','2021-02-22 22:00:22'),(41,'F','1984-10-23','Amirahaven','Belarus','2020-07-25 11:33:12','2013-05-06 22:47:24','2021-02-22 22:00:22'),(42,'M','2018-12-26','Ressieborough','Belarus','2020-07-10 23:50:14','2015-12-27 18:59:29','2021-02-22 22:00:22'),(43,'M','1983-08-21','Otisstad','Russian Federation','2020-10-22 15:40:04','2017-08-15 19:08:01','2021-02-22 22:00:22'),(44,'M','1992-09-06','Lakinchester','Belarus','2020-10-15 11:00:05','2015-03-31 04:42:03','2021-02-22 22:00:22'),(45,'M','1999-02-15','Raystad','Russian Federation','2020-08-11 17:31:05','2011-05-03 04:50:31','2021-02-22 22:00:22'),(46,'M','1993-02-23','Haleystad','Russian Federation','2020-07-06 09:33:16','2017-08-08 22:22:08','2021-02-22 22:00:22'),(47,'F','1988-08-14','Cletaland','USA','2020-06-16 19:04:04','2018-07-27 21:48:36','2021-02-22 22:00:22'),(48,'F','2001-05-17','East Celine','Russian Federation','2020-04-02 01:14:39','2018-08-27 00:06:27','2021-02-22 22:00:22'),(49,'F','1987-05-18','East Camilaland','Belarus','2020-06-27 19:56:26','2016-02-15 06:44:07','2021-02-22 22:00:22'),(50,'M','1993-03-26','Port Adrienne','Belarus','2020-05-23 04:17:39','2012-01-24 19:17:22','2021-02-22 22:00:22'),(51,'M','2017-12-24','Lake Kendallbury','Belarus','2020-05-21 15:23:45','2020-04-17 15:06:00','2021-02-22 22:00:22'),(52,'F','2018-09-14','West Karson','USA','2020-02-22 06:52:17','2015-03-15 17:43:43','2021-02-22 22:00:22'),(53,'F','2012-10-01','Port Kale','Germany','2020-08-21 12:48:15','2016-08-22 18:23:08','2021-02-22 22:00:22'),(54,'M','1999-05-10','New Rudyberg','Russian Federation','2020-11-22 05:45:23','2015-01-14 19:12:33','2021-02-22 22:00:22'),(55,'M','2008-05-02','Lake Antwonport','Germany','2020-11-29 20:59:01','2018-02-04 19:00:40','2021-02-22 22:00:22'),(56,'F','1988-06-07','Blandaborough','USA','2020-08-10 02:03:35','2013-10-04 12:34:08','2021-02-22 22:00:22'),(57,'F','1995-09-08','Port Taylor','USA','2020-02-26 14:55:52','2020-03-03 03:21:49','2021-02-22 22:00:22'),(58,'F','2014-01-25','Port Dion','Belarus','2020-02-26 16:16:46','2020-07-11 18:12:40','2021-02-22 22:00:22'),(59,'F','2016-05-02','New Jarredside','Germany','2020-12-17 17:51:20','2018-07-22 13:35:22','2021-02-22 22:00:22'),(60,'F','1999-07-08','Lake Everetthaven','Russian Federation','2020-02-26 01:13:38','2018-04-02 14:40:15','2021-02-22 22:00:22'),(61,'M','2000-01-05','Lake Magalistad','Germany','2020-11-03 12:39:03','2020-07-22 03:38:45','2021-02-22 22:00:22'),(62,'M','2014-01-29','East Vaughnstad','USA','2020-08-28 01:13:40','2019-03-06 14:30:48','2021-02-22 22:00:22'),(63,'M','1979-03-19','East Stefanie','Germany','2020-03-24 22:40:36','2015-10-22 06:19:02','2021-02-22 22:00:22'),(64,'F','1978-05-29','Paucekburgh','Belarus','2020-11-30 14:13:32','2013-08-20 14:36:57','2021-02-22 22:00:22'),(65,'M','2012-03-02','South Jeramy','Germany','2020-11-05 22:41:08','2014-02-17 07:48:32','2021-02-22 22:00:22'),(66,'F','2003-09-15','Torphymouth','USA','2021-01-18 05:28:36','2016-10-23 22:42:02','2021-02-22 22:00:22'),(67,'M','2021-01-04','South Savannahbury','Belarus','2021-01-20 04:25:05','2016-08-19 07:59:14','2021-02-22 22:00:22'),(68,'M','1986-11-11','Lake Faustotown','Belarus','2020-10-09 18:42:21','2014-06-14 06:35:44','2021-02-22 22:00:22'),(69,'M','1997-09-13','Mertzland','Russian Federation','2020-06-25 15:08:08','2014-09-30 20:57:04','2021-02-22 22:00:22'),(70,'M','2012-05-17','Lake Carrie','Belarus','2020-12-27 14:44:22','2018-05-08 02:22:12','2021-02-22 22:00:22'),(71,'F','2014-07-24','Luluton','USA','2020-09-29 17:01:23','2014-08-25 22:12:27','2021-02-22 22:00:22'),(72,'M','1979-12-01','Howellport','USA','2020-03-28 08:27:56','2021-02-03 13:25:28','2021-02-22 22:00:22'),(73,'F','1986-03-20','East Vivaport','Belarus','2021-02-01 02:26:47','2015-03-04 01:18:20','2021-02-22 22:00:22'),(74,'F','1981-01-10','Dellabury','USA','2020-10-07 00:13:19','2016-08-24 03:11:41','2021-02-22 22:00:22'),(75,'M','1997-01-17','New Ryann','Belarus','2020-05-19 17:15:46','2021-01-28 04:27:55','2021-02-22 22:00:22'),(76,'M','2009-06-13','Blancheville','USA','2020-04-20 21:12:11','2016-05-07 04:48:51','2021-02-22 22:00:22'),(77,'F','1988-12-11','Mayerfort','USA','2020-04-29 06:21:07','2016-11-04 05:05:40','2021-02-22 22:00:22'),(78,'M','2016-06-17','New Emilview','Belarus','2020-04-18 15:11:09','2013-12-08 03:19:42','2021-02-22 22:00:22'),(79,'M','1990-04-24','South Lew','Germany','2020-02-24 01:44:57','2014-04-21 11:29:54','2021-02-22 22:00:22'),(80,'M','1976-04-30','Assuntaville','Belarus','2020-10-30 13:24:36','2017-11-09 21:25:28','2021-02-22 22:00:22'),(81,'F','1990-08-29','Andreanneside','USA','2020-07-09 16:37:41','2018-01-08 07:54:07','2021-02-22 22:00:22'),(82,'F','1985-09-13','South Dwightmouth','Belarus','2020-03-14 15:31:41','2016-07-22 16:08:15','2021-02-22 22:00:22'),(83,'F','1975-12-15','Rathmouth','Germany','2020-10-13 10:27:20','2019-05-18 15:17:40','2021-02-22 22:00:22'),(84,'F','1995-12-20','North Murphy','USA','2020-08-24 03:54:38','2015-01-16 17:19:36','2021-02-22 22:00:22'),(85,'M','1972-09-12','East Kiratown','Russian Federation','2020-06-11 03:14:12','2019-10-04 18:01:17','2021-02-22 22:00:22'),(86,'M','2017-03-16','Ernserfort','USA','2020-09-06 13:33:27','2012-09-26 15:52:59','2021-02-22 22:00:22'),(87,'M','1991-10-03','Earleneton','Germany','2020-08-15 23:25:28','2015-10-30 22:20:04','2021-02-22 22:00:22'),(88,'M','2000-09-05','Beierburgh','USA','2020-08-31 17:13:05','2018-10-03 15:22:09','2021-02-22 22:00:22'),(89,'M','1975-12-19','Tillmanport','Germany','2020-07-03 10:35:36','2017-11-17 07:32:11','2021-02-22 22:00:22'),(90,'F','2013-03-11','East Sterling','Russian Federation','2020-05-19 06:50:32','2014-04-30 07:01:05','2021-02-22 22:00:22'),(91,'M','1989-04-21','New Darrick','Belarus','2020-05-20 14:43:09','2014-12-26 15:19:51','2021-02-22 22:00:22'),(92,'F','2020-05-24','New Tellyland','Russian Federation','2020-10-25 04:56:32','2011-07-17 05:00:31','2021-02-22 22:00:22'),(93,'M','1986-01-19','Quigleystad','Germany','2020-09-06 10:30:17','2014-11-07 10:15:27','2021-02-22 22:00:22'),(94,'M','2002-12-04','Port Larissaburgh','Russian Federation','2020-07-14 05:27:53','2018-11-17 17:41:11','2021-02-22 22:00:22'),(95,'M','2019-04-14','Port Carleton','USA','2020-11-10 23:51:38','2013-07-22 06:54:26','2021-02-22 22:00:22'),(96,'M','1986-11-17','Nyafurt','Russian Federation','2020-08-15 08:22:30','2016-01-25 18:56:05','2021-02-22 22:00:22'),(97,'M','1975-09-12','Kesslerhaven','Belarus','2020-02-22 11:38:21','2015-01-16 11:33:53','2021-02-22 22:00:22'),(98,'M','1989-12-14','North Kelvin','USA','2020-07-12 11:44:52','2014-11-25 18:23:52','2021-02-22 22:00:22'),(99,'M','2008-07-18','Jaylanhaven','Belarus','2020-03-31 10:42:03','2012-04-20 23:26:08','2021-02-22 22:00:22'),(100,'M','1973-01-16','South Cordelia','USA','2020-03-26 15:06:10','2015-10-29 23:27:41','2021-02-22 22:00:22');
/*!40000 ALTER TABLE `profiles` ENABLE KEYS */;
UNLOCK TABLES;

--
-- Table structure for table `users`
--

DROP TABLE IF EXISTS `users`;
/*!40101 SET @saved_cs_client     = @@character_set_client */;
/*!50503 SET character_set_client = utf8mb4 */;
CREATE TABLE `users` (
  `id` int unsigned NOT NULL AUTO_INCREMENT COMMENT 'Идентификатор строки',
  `username` varchar(30) COLLATE utf8mb4_unicode_ci NOT NULL COMMENT 'Имя пользователя для входа в сервис',
  `first_name` varchar(100) CHARACTER SET utf8mb4 COLLATE utf8mb4_unicode_ci NOT NULL COMMENT 'Имя пользователя',
  `last_name` varchar(100) CHARACTER SET utf8mb4 COLLATE utf8mb4_unicode_ci NOT NULL COMMENT 'Фамилия пользователя',
  `email` varchar(100) CHARACTER SET utf8mb4 COLLATE utf8mb4_unicode_ci NOT NULL COMMENT 'Почта',
  `phone` varchar(100) CHARACTER SET utf8mb4 COLLATE utf8mb4_unicode_ci NOT NULL COMMENT 'Телефон',
  `created_at` datetime NOT NULL,
  `updated_at` datetime NOT NULL,
  PRIMARY KEY (`id`),
  UNIQUE KEY `email` (`email`),
  UNIQUE KEY `phone` (`phone`)
) ENGINE=InnoDB AUTO_INCREMENT=101 DEFAULT CHARSET=utf8mb4 COLLATE=utf8mb4_unicode_ci COMMENT='Пользователи';
/*!40101 SET character_set_client = @saved_cs_client */;

--
-- Dumping data for table `users`
--

LOCK TABLES `users` WRITE;
/*!40000 ALTER TABLE `users` DISABLE KEYS */;
INSERT INTO `users` VALUES (1,'little','Domingo','Little','shany.friesen@example.com','110-894-2817x602','2013-09-01 13:45:29','2014-03-11 20:18:40'),(2,'greenfelder','Toby','Greenfelder','mervin.bednar@example.com','09634575123','2018-01-21 04:16:38','2021-02-22 21:57:06'),(3,'roberts','Wyatt','Roberts','fcummerata@example.com','(662)714-2222x085','2016-10-09 20:03:44','2018-09-24 01:04:16'),(4,'hoeger','Bryana','Hoeger','pbarrows@example.com','247-804-9577x20524','2016-06-16 01:40:06','2021-02-22 21:57:06'),(5,'wintheiser','Elroy','Wintheiser','brandt49@example.net','079-725-6424','2013-03-29 03:45:27','2021-02-22 21:57:06'),(6,'will','Triston','Will','mshields@example.net','(084)799-9417','2014-01-01 20:58:09','2018-06-02 20:40:07'),(7,'wolff','Kadin','Wolff','urau@example.org','672-106-7849x01646','2017-04-18 16:34:52','2021-02-22 21:57:06'),(8,'bergstrom','Jessica','Bergstrom','theron.hamill@example.net','458.311.7464x6416','2015-05-08 21:53:14','2021-02-22 21:57:06'),(9,'champlin','Catharine','Champlin','osvaldo.graham@example.com','603.114.6348x980','2014-12-08 18:03:49','2021-02-22 21:57:06'),(10,'hilll','Estrella','Hilll','kimberly51@example.com','(062)708-0285','2016-12-07 19:38:04','2018-08-07 11:32:57'),(11,'o\'reilly','Patricia','O\'Reilly','lesley84@example.com','189.784.6926','2011-09-19 23:42:38','2011-10-04 18:41:32'),(12,'paucek','Jessika','Paucek','isauer@example.org','557-199-6396x6021','2014-01-05 09:09:49','2014-08-01 16:44:05'),(13,'predovic','Kaya','Predovic','casandra.ryan@example.com','(075)383-3320x5315','2014-11-23 00:59:20','2016-02-05 18:08:15'),(14,'cormier','Eudora','Cormier','fdach@example.org','894-473-6024','2015-07-04 04:53:02','2016-01-26 21:27:13'),(15,'cormier','Daisha','Cormier','dannie.mertz@example.com','261.066.6420x6613','2012-02-23 13:29:43','2016-02-29 02:47:50'),(16,'lakin','Aaron','Lakin','schaefer.lyla@example.com','(870)171-9690','2014-02-06 02:26:31','2017-09-24 15:36:38'),(17,'hansen','Crystel','Hansen','christop54@example.com','003.275.1621x648','2020-06-30 09:12:01','2021-02-22 21:57:06'),(18,'osinski','Cathryn','Osinski','eulalia.maggio@example.com','277.555.2601','2014-09-10 01:07:13','2017-01-10 10:33:16'),(19,'boehm','Tyrese','Boehm','alexandre.luettgen@example.net','186-804-0316x58999','2012-02-10 21:48:37','2013-10-04 01:47:53'),(20,'cremin','Marguerite','Cremin','kuphal.cathy@example.net','06375736104','2017-05-19 15:16:30','2019-07-24 17:57:23'),(21,'toy','Hollis','Toy','jbrekke@example.org','509.708.2083x16548','2019-03-21 08:05:01','2020-02-29 23:46:18'),(22,'dicki','Selena','Dicki','henri.carroll@example.com','(844)741-0654','2019-07-23 10:46:41','2021-02-22 21:57:06'),(23,'hirthe','Angelica','Hirthe','lionel.o\'hara@example.net','770-106-9930x18082','2017-12-14 12:11:51','2018-11-20 16:13:02'),(24,'hessel','Luther','Hessel','zstiedemann@example.org','1-306-928-8982','2017-05-30 18:57:19','2021-01-16 19:20:02'),(25,'botsford','Nettie','Botsford','monserrate40@example.net','397.526.7523','2016-01-17 22:22:48','2016-12-13 05:32:52'),(26,'schultz','Tiana','Schultz','celine.turcotte@example.net','943.422.9249','2020-09-22 00:24:16','2021-02-22 21:57:06'),(27,'lakin','Precious','Lakin','ekiehn@example.com','974.476.4246x5975','2011-12-08 03:52:19','2018-06-18 09:53:59'),(28,'will','Alba','Will','sienna31@example.org','115-277-5167','2011-06-12 02:37:18','2017-05-10 19:46:21'),(29,'roob','Denis','Roob','eboyer@example.org','1-261-381-8946','2017-06-04 14:04:41','2021-02-22 21:57:06'),(30,'kessler','Kathryn','Kessler','josefina.franecki@example.net','891-407-8872','2020-04-17 02:02:55','2021-02-22 21:57:06'),(31,'kuphal','Alf','Kuphal','willard34@example.net','801-211-2612x361','2018-10-17 06:15:21','2021-02-22 21:57:06'),(32,'hauck','Jared','Hauck','yadira.macejkovic@example.net','077.432.2310x275','2015-09-12 20:40:12','2018-04-23 09:24:28'),(33,'reichert','Adrianna','Reichert','adriana.christiansen@example.org','1-686-505-0474','2015-05-20 11:41:46','2018-01-15 06:04:42'),(34,'kassulke','Einar','Kassulke','lillian31@example.net','04142739111','2020-04-22 02:46:58','2021-02-22 21:57:06'),(35,'grimes','Sabrina','Grimes','kozey.otis@example.com','(192)543-3946x853','2019-09-30 05:05:52','2021-02-22 21:57:06'),(36,'blick','Ethyl','Blick','lreilly@example.net','(348)161-6690x748','2014-11-01 06:42:38','2021-02-22 21:57:06'),(37,'gleason','Joelle','Gleason','dkling@example.org','1-916-162-1069x241','2020-12-26 14:51:37','2021-02-22 21:57:06'),(38,'mcclure','Norval','McClure','wilson64@example.org','883.362.2262','2015-03-22 16:43:00','2021-02-22 21:57:06'),(39,'schroeder','Lulu','Schroeder','bethel.mckenzie@example.com','680-433-6297','2014-05-02 13:27:07','2018-06-08 19:59:33'),(40,'kirlin','Jorge','Kirlin','jackson70@example.com','218.703.7380','2019-02-20 22:28:02','2021-02-22 21:57:06'),(41,'hintz','Eliseo','Hintz','kovacek.karine@example.org','(789)017-4016','2017-03-14 08:45:35','2021-02-22 21:57:06'),(42,'conroy','Kris','Conroy','keely98@example.net','(855)662-9817x5999','2019-07-11 09:23:58','2021-02-22 21:57:06'),(43,'romaguera','Lamont','Romaguera','ogoodwin@example.net','1-588-767-0643','2015-06-07 14:51:14','2020-02-16 16:46:49'),(44,'kuphal','Gerry','Kuphal','lubowitz.johnpaul@example.org','113.120.2074','2015-03-27 14:46:13','2021-02-22 21:57:06'),(45,'pfeffer','Maddison','Pfeffer','prohaska.roma@example.com','04569095387','2020-01-17 16:54:14','2020-10-06 09:46:05'),(46,'wintheiser','Sid','Wintheiser','ffisher@example.org','(855)056-7252x40181','2013-09-18 07:31:17','2017-08-07 11:43:20'),(47,'cronin','Kendra','Cronin','brian86@example.net','(496)224-3668','2014-04-18 01:33:32','2016-11-16 15:50:28'),(48,'lind','Elza','Lind','hester.koss@example.net','(650)935-1385x531','2011-11-02 13:23:10','2021-02-22 21:57:06'),(49,'brown','Wade','Brown','amira.veum@example.org','1-248-207-6134','2014-02-09 13:43:14','2021-02-22 21:57:06'),(50,'goyette','Nikita','Goyette','levi53@example.net','1-631-489-1729x08309','2012-10-31 05:08:07','2016-09-18 11:58:25'),(51,'zboncak','Oceane','Zboncak','kkohler@example.org','502-702-1045x859','2020-12-26 12:10:19','2021-02-22 21:57:06'),(52,'johnston','Porter','Johnston','schoen.maribel@example.net','+66(6)8395656420','2017-11-23 03:38:24','2021-02-22 21:57:06'),(53,'cormier','Kelton','Cormier','mills.keanu@example.org','261-478-9477x049','2017-09-16 14:59:27','2018-07-01 09:22:33'),(54,'gutmann','Kaia','Gutmann','hahn.marguerite@example.org','1-682-358-9491','2012-08-13 18:10:02','2018-07-11 05:30:29'),(55,'hermann','Mitchel','Hermann','daniella23@example.net','(526)458-8543x677','2020-02-22 07:08:40','2021-02-22 21:57:06'),(56,'farrell','Norwood','Farrell','kuhlman.aiden@example.org','(284)893-8203x30580','2018-01-29 17:00:39','2021-02-22 21:57:06'),(57,'ledner','Antonia','Ledner','don.feest@example.com','+06(0)0793776318','2016-05-08 10:25:43','2021-02-22 21:57:06'),(58,'conn','Ashtyn','Conn','meda71@example.org','(324)361-9986x34152','2020-06-18 01:53:59','2021-02-22 21:57:06'),(59,'carter','Orie','Carter','vincent.orn@example.net','(515)028-2877x761','2018-09-14 06:32:00','2020-09-04 22:10:37'),(60,'romaguera','Lester','Romaguera','littel.madalyn@example.org','02138844231','2015-01-10 22:53:10','2021-02-22 21:57:06'),(61,'reinger','Verda','Reinger','tmoore@example.com','257-514-3460x83071','2016-10-05 20:54:01','2020-07-08 03:00:59'),(62,'bosco','Maria','Bosco','roberts.darien@example.net','378.510.7612','2019-03-03 00:30:53','2021-02-22 21:57:06'),(63,'hoppe','Annabelle','Hoppe','kgoodwin@example.org','407-229-8753x664','2019-02-10 00:15:54','2021-02-22 21:57:06'),(64,'glover','Roman','Glover','zswaniawski@example.net','134-774-2228','2012-03-03 05:42:36','2021-02-22 21:57:06'),(65,'bernhard','Nestor','Bernhard','micaela73@example.org','1-527-148-8557x39133','2019-02-15 00:08:43','2021-02-22 21:57:06'),(66,'keeling','Chelsie','Keeling','gquitzon@example.org','128.404.6358','2011-04-11 23:50:46','2013-09-22 16:31:50'),(67,'homenick','Tara','Homenick','hkulas@example.com','589-348-3581x1790','2019-04-26 05:11:30','2021-02-22 21:57:06'),(68,'nicolas','Taya','Nicolas','trinity.barton@example.com','658.979.1203x2031','2015-04-21 06:34:01','2017-05-03 05:59:56'),(69,'douglas','Douglas','Douglas','breitenberg.yesenia@example.com','1-961-436-4528x367','2013-12-25 00:38:46','2015-07-06 11:06:46'),(70,'nitzsche','Geovanny','Nitzsche','dare.eleonore@example.com','(316)809-4970x045','2018-01-28 12:44:42','2021-01-27 04:21:27'),(71,'dickinson','Abe','Dickinson','ryan.guido@example.net','(931)276-9190x7758','2013-03-15 17:23:53','2013-09-24 11:42:26'),(72,'hartmann','Joanne','Hartmann','kasandra81@example.com','(471)754-9075x294','2017-03-02 12:34:39','2021-02-22 21:57:06'),(73,'ledner','Lou','Ledner','rquitzon@example.net','1-842-467-5410x68059','2017-11-09 21:08:57','2019-08-12 03:58:49'),(74,'barton','Angelo','Barton','ko\'keefe@example.net','009.823.4425x47969','2021-02-05 02:54:01','2021-02-22 21:57:06'),(75,'koelpin','Jeremie','Koelpin','lgreenfelder@example.net','718.601.8917','2011-04-13 10:15:46','2016-06-07 16:55:19'),(76,'kozey','Keaton','Kozey','tressie.yundt@example.org','1-595-636-9981','2017-03-03 03:56:45','2020-03-08 03:52:39'),(77,'quigley','Judd','Quigley','abruen@example.com','1-382-823-6249x4463','2019-09-07 06:21:03','2021-02-22 21:57:06'),(78,'herman','Vicenta','Herman','hartmann.ashly@example.net','+70(1)7656990306','2019-07-06 21:04:08','2021-02-22 21:57:06'),(79,'carter','Ansley','Carter','runolfsson.gretchen@example.org','088-109-8471x96234','2014-03-19 19:59:55','2020-12-08 05:38:43'),(80,'hamill','Jermaine','Hamill','brooke.bins@example.org','(978)500-3483x2033','2017-10-08 13:17:16','2020-06-26 14:39:39'),(81,'tillman','Gust','Tillman','qglover@example.org','521.898.2126','2019-03-25 06:32:40','2021-02-22 21:57:06'),(82,'dietrich','Lorine','Dietrich','watson.spencer@example.org','(427)073-1683','2018-05-15 13:17:02','2020-09-04 09:59:39'),(83,'west','Dallas','West','dagmar.mann@example.com','+29(7)4970383268','2011-04-23 03:17:54','2017-12-25 22:43:49'),(84,'upton','Gay','Upton','camila69@example.org','846-975-5684','2011-10-24 04:19:55','2012-01-19 22:26:24'),(85,'gulgowski','Lauren','Gulgowski','thompson.lempi@example.org','940-254-2306x9727','2020-02-10 05:52:51','2021-02-22 21:57:06'),(86,'senger','Aaron','Senger','nayeli.schultz@example.net','(188)463-6555x0037','2014-07-16 03:11:08','2016-07-06 07:08:17'),(87,'stoltenberg','Grady','Stoltenberg','hailee06@example.net','132-066-2410x979','2012-05-16 08:19:26','2014-12-01 09:27:26'),(88,'runte','Madalyn','Runte','mheathcote@example.com','+38(2)7368701690','2018-04-12 09:33:23','2021-02-22 21:57:06'),(89,'conn','Johnpaul','Conn','trever02@example.org','(645)674-7327x071','2015-03-26 03:39:10','2021-02-22 21:57:06'),(90,'dibbert','Kamron','Dibbert','terry.adele@example.org','1-034-449-0728x618','2016-10-19 17:47:15','2020-07-03 15:17:15'),(91,'volkman','Estell','Volkman','xpacocha@example.org','05420376108','2013-08-31 18:07:49','2017-09-19 14:30:13'),(92,'bruen','Jaydon','Bruen','cferry@example.org','715-856-9441','2016-06-17 22:11:31','2021-02-22 21:57:06'),(93,'durgan','Kaylah','Durgan','antonette94@example.com','420-330-9502x91049','2018-01-18 19:02:44','2021-02-22 21:57:06'),(94,'powlowski','Sister','Powlowski','btoy@example.org','1-453-275-5473','2017-10-11 09:41:02','2021-02-22 21:57:06'),(95,'turner','Miles','Turner','ines.torphy@example.com','(319)523-4228x371','2011-11-09 12:18:54','2019-09-06 07:01:50'),(96,'cummerata','Phoebe','Cummerata','modesta85@example.net','+85(0)6197838518','2013-06-21 03:56:04','2015-05-31 14:31:36'),(97,'cruickshank','Jaunita','Cruickshank','lauryn52@example.org','(796)465-5078x41696','2012-09-30 00:05:07','2021-02-22 21:57:06'),(98,'cartwright','Gardner','Cartwright','hailey73@example.com','713.290.9824','2011-07-05 08:37:40','2014-03-21 13:19:46'),(99,'o\'keefe','Josianne','O\'Keefe','nick.wiegand@example.org','1-172-878-9419x15426','2018-10-11 21:17:55','2021-02-22 21:57:06'),(100,'bauch','Arnaldo','Bauch','uboehm@example.net','1-967-437-4024x71972','2018-12-27 04:00:39','2021-02-22 21:57:06');
/*!40000 ALTER TABLE `users` ENABLE KEYS */;
UNLOCK TABLES;
/*!40103 SET TIME_ZONE=@OLD_TIME_ZONE */;

/*!40101 SET SQL_MODE=@OLD_SQL_MODE */;
/*!40014 SET FOREIGN_KEY_CHECKS=@OLD_FOREIGN_KEY_CHECKS */;
/*!40014 SET UNIQUE_CHECKS=@OLD_UNIQUE_CHECKS */;
/*!40101 SET CHARACTER_SET_CLIENT=@OLD_CHARACTER_SET_CLIENT */;
/*!40101 SET CHARACTER_SET_RESULTS=@OLD_CHARACTER_SET_RESULTS */;
/*!40101 SET COLLATION_CONNECTION=@OLD_COLLATION_CONNECTION */;
/*!40111 SET SQL_NOTES=@OLD_SQL_NOTES */;

-- Dump completed on 2021-02-22 22:41:42
