-- MySQL dump 10.13  Distrib 8.0.23, for Linux (x86_64)
--
-- Host: localhost    Database: example
-- ------------------------------------------------------
-- Server version	8.0.23-0ubuntu0.20.04.1

/*!40101 SET @OLD_CHARACTER_SET_CLIENT=@@CHARACTER_SET_CLIENT */;
/*!40101 SET @OLD_CHARACTER_SET_RESULTS=@@CHARACTER_SET_RESULTS */;
/*!40101 SET @OLD_COLLATION_CONNECTION=@@COLLATION_CONNECTION */;
/*!50503 SET NAMES utf8mb4 */;
/*!40103 SET @OLD_TIME_ZONE=@@TIME_ZONE */;
/*!40103 SET TIME_ZONE='+00:00' */;
/*!40014 SET @OLD_UNIQUE_CHECKS=@@UNIQUE_CHECKS, UNIQUE_CHECKS=0 */;
/*!40014 SET @OLD_FOREIGN_KEY_CHECKS=@@FOREIGN_KEY_CHECKS, FOREIGN_KEY_CHECKS=0 */;
/*!40101 SET @OLD_SQL_MODE=@@SQL_MODE, SQL_MODE='NO_AUTO_VALUE_ON_ZERO' */;
/*!40111 SET @OLD_SQL_NOTES=@@SQL_NOTES, SQL_NOTES=0 */;

--
-- Table structure for table `communities`
--

DROP TABLE IF EXISTS `communities`;
/*!40101 SET @saved_cs_client     = @@character_set_client */;
/*!50503 SET character_set_client = utf8mb4 */;
CREATE TABLE `communities` (
  `id` int unsigned NOT NULL AUTO_INCREMENT COMMENT 'Идентификатор сроки',
  `name` varchar(150) CHARACTER SET utf8mb4 COLLATE utf8mb4_unicode_ci NOT NULL COMMENT 'Название группы',
  `created_at` datetime DEFAULT CURRENT_TIMESTAMP COMMENT 'Время создания строки',
  `updated_at` datetime DEFAULT CURRENT_TIMESTAMP ON UPDATE CURRENT_TIMESTAMP COMMENT 'Время обновления строки',
  PRIMARY KEY (`id`),
  UNIQUE KEY `name` (`name`)
) ENGINE=InnoDB AUTO_INCREMENT=101 DEFAULT CHARSET=utf8mb4 COLLATE=utf8mb4_unicode_ci COMMENT='Группы';
/*!40101 SET character_set_client = @saved_cs_client */;

--
-- Dumping data for table `communities`
--

LOCK TABLES `communities` WRITE;
/*!40000 ALTER TABLE `communities` DISABLE KEYS */;
INSERT INTO `communities` VALUES (1,'non','2020-04-19 11:55:03','2018-05-18 21:33:18'),(2,'sed','2011-07-10 15:03:33','2018-09-17 18:47:49'),(3,'ut','2017-03-26 10:22:52','2016-07-01 06:24:00'),(4,'vitae','2015-07-03 09:38:46','2018-02-05 06:33:01'),(5,'autem','2017-06-14 04:30:36','2015-06-03 02:24:43'),(6,'id','2019-02-28 04:44:31','2014-08-03 20:04:25'),(7,'est','2015-04-27 03:16:19','2019-01-31 03:02:02'),(8,'nesciunt','2013-01-16 12:42:59','2018-02-21 04:15:31'),(9,'vel','2011-10-05 17:57:35','2013-11-19 17:47:08'),(10,'voluptatem','2013-10-18 15:35:16','2017-12-23 02:56:35'),(11,'rerum','2011-11-20 23:58:38','2014-01-27 13:59:17'),(12,'ullam','2016-04-26 05:21:43','2011-08-26 11:33:48'),(13,'iusto','2012-08-24 04:12:02','2015-07-06 21:17:47'),(14,'occaecati','2018-01-04 02:59:48','2019-01-14 08:38:30'),(15,'iure','2018-03-23 17:08:36','2020-10-14 06:37:45'),(16,'esse','2019-08-27 14:03:48','2019-11-19 12:55:13'),(17,'in','2020-09-29 02:44:36','2019-09-02 00:08:23'),(18,'exercitationem','2012-03-11 17:40:48','2013-10-23 20:04:39'),(19,'odit','2012-10-29 19:20:07','2018-08-10 18:30:59'),(20,'fuga','2011-07-21 07:04:45','2018-03-09 04:35:55'),(21,'vero','2011-09-25 01:25:04','2021-01-08 11:52:51'),(22,'tempore','2015-10-17 08:02:43','2019-10-09 00:56:00'),(23,'enim','2011-12-24 19:33:11','2013-08-15 15:53:06'),(24,'aut','2016-04-09 10:58:55','2018-09-11 23:29:01'),(25,'et','2012-12-20 01:41:09','2014-01-20 04:19:14'),(26,'voluptas','2017-08-21 18:13:10','2020-08-23 15:13:56'),(27,'qui','2018-05-27 05:57:34','2016-06-17 19:40:46'),(28,'ipsum','2016-03-17 14:42:12','2014-12-19 05:57:52'),(29,'asperiores','2016-08-03 04:01:53','2020-08-04 13:29:04'),(30,'voluptatibus','2011-10-29 07:58:20','2015-01-20 02:49:13'),(31,'reprehenderit','2016-08-21 20:06:38','2018-02-07 12:27:07'),(32,'dolorum','2011-04-22 11:31:08','2017-11-21 00:43:33'),(33,'magni','2014-05-15 13:17:10','2014-12-03 14:05:56'),(34,'eaque','2019-06-06 07:07:34','2016-06-02 04:46:20'),(35,'quis','2013-02-18 05:43:34','2017-12-16 09:01:48'),(36,'sint','2016-04-24 10:04:00','2018-03-31 10:40:59'),(37,'quidem','2012-07-19 15:39:13','2020-06-21 08:09:38'),(38,'corporis','2015-03-20 03:10:42','2019-01-03 22:10:44'),(39,'quo','2014-03-07 15:57:36','2019-08-05 19:45:49'),(40,'omnis','2015-03-05 11:24:12','2016-02-26 23:09:58'),(41,'perferendis','2021-02-01 15:46:13','2013-10-09 19:22:33'),(42,'aspernatur','2012-08-16 11:30:04','2016-06-27 20:22:38'),(43,'quasi','2012-09-20 05:31:46','2019-04-01 01:46:38'),(44,'unde','2015-01-30 04:03:51','2013-04-28 07:24:03'),(45,'animi','2014-05-30 15:21:08','2017-09-27 10:42:51'),(46,'explicabo','2020-04-09 05:04:24','2016-12-29 13:47:41'),(47,'possimus','2015-04-01 00:05:39','2017-09-08 13:38:25'),(48,'architecto','2016-04-02 20:09:17','2019-11-02 23:56:04'),(49,'incidunt','2014-12-11 19:57:56','2019-04-30 22:42:18'),(50,'veritatis','2017-03-10 08:34:27','2013-04-04 21:48:59'),(51,'natus','2019-09-27 08:53:58','2014-02-15 11:41:02'),(52,'corrupti','2014-10-18 01:24:05','2018-01-10 18:17:46'),(53,'dolor','2015-01-22 09:35:40','2019-12-17 02:57:38'),(54,'eligendi','2017-07-25 11:52:05','2018-12-12 21:42:57'),(55,'eum','2012-09-08 15:08:54','2015-09-19 02:10:00'),(56,'quos','2019-03-18 11:35:11','2013-03-14 00:09:14'),(57,'cupiditate','2012-06-11 20:17:35','2012-01-11 06:00:08'),(58,'rem','2012-06-12 06:09:02','2012-03-13 00:47:21'),(59,'delectus','2013-12-08 19:21:58','2011-12-05 13:31:00'),(60,'commodi','2012-12-21 17:25:36','2011-03-07 20:21:38'),(61,'nihil','2014-07-06 00:42:11','2015-02-21 01:07:55'),(62,'culpa','2021-02-18 10:08:33','2012-10-01 22:27:46'),(63,'consequuntur','2014-07-22 01:16:06','2021-01-07 15:45:15'),(64,'minima','2016-01-21 10:49:59','2018-12-08 02:34:19'),(65,'eveniet','2012-02-22 15:29:29','2019-10-19 03:42:20'),(66,'accusantium','2015-12-21 06:40:14','2012-01-27 06:18:21'),(67,'inventore','2020-08-02 12:46:13','2017-07-24 20:13:02'),(68,'cum','2017-03-24 21:12:45','2012-07-15 15:56:35'),(69,'alias','2018-09-24 12:48:19','2015-01-06 07:26:07'),(70,'itaque','2015-05-05 20:49:07','2016-12-26 14:30:39'),(71,'soluta','2015-04-23 03:44:05','2018-12-14 02:31:19'),(72,'necessitatibus','2014-05-27 16:16:42','2012-12-03 10:29:36'),(73,'veniam','2018-03-11 12:27:00','2020-08-05 00:33:13'),(74,'tenetur','2014-05-11 19:47:07','2016-03-20 12:47:38'),(75,'dolorem','2012-11-30 09:58:13','2012-06-19 19:33:55'),(76,'mollitia','2011-08-22 23:09:48','2013-09-24 04:16:28'),(77,'minus','2018-07-02 14:24:18','2019-07-20 04:30:44'),(78,'numquam','2016-05-19 06:30:24','2020-03-11 13:48:28'),(79,'deleniti','2016-03-02 04:39:22','2015-03-04 11:47:47'),(80,'saepe','2013-01-08 01:58:48','2015-12-31 23:47:36'),(81,'sapiente','2012-04-09 18:04:58','2014-09-11 22:46:42'),(82,'aliquid','2015-05-20 09:50:37','2021-01-23 04:25:26'),(83,'nemo','2011-12-15 12:35:19','2019-11-22 09:15:34'),(84,'aperiam','2011-03-20 00:25:38','2019-04-22 03:27:12'),(85,'nostrum','2013-05-29 00:05:42','2019-10-28 19:59:16'),(86,'fugit','2020-12-27 04:42:59','2012-11-26 18:53:51'),(87,'at','2014-10-07 16:54:42','2014-10-11 00:24:37'),(88,'voluptatum','2016-11-19 22:14:34','2020-04-05 08:31:32'),(89,'dolores','2020-08-14 18:21:52','2020-03-28 21:21:12'),(90,'officiis','2020-08-07 17:56:17','2011-11-13 03:55:11'),(91,'velit','2012-06-27 11:48:50','2018-05-30 00:43:42'),(92,'repellendus','2015-11-30 20:29:55','2018-11-23 14:21:19'),(93,'doloribus','2012-02-17 22:10:30','2017-05-15 19:21:12'),(94,'molestiae','2020-03-01 08:25:07','2019-01-14 12:06:09'),(95,'laudantium','2020-02-14 07:34:50','2011-02-25 23:41:37'),(96,'sunt','2015-03-26 23:23:35','2012-07-09 00:08:28'),(97,'impedit','2011-03-12 01:02:56','2019-08-11 23:53:34'),(98,'quia','2019-12-31 19:19:53','2013-04-19 17:08:01'),(99,'hic','2014-01-27 17:33:51','2020-02-27 02:30:06'),(100,'consectetur','2012-04-19 19:16:14','2016-01-02 17:07:23');
/*!40000 ALTER TABLE `communities` ENABLE KEYS */;
UNLOCK TABLES;

--
-- Table structure for table `communities_users`
--

DROP TABLE IF EXISTS `communities_users`;
/*!40101 SET @saved_cs_client     = @@character_set_client */;
/*!50503 SET character_set_client = utf8mb4 */;
CREATE TABLE `communities_users` (
  `community_id` int unsigned NOT NULL COMMENT 'Ссылка на группу',
  `user_id` int unsigned NOT NULL COMMENT 'Ссылка на пользователя',
  `created_at` datetime DEFAULT CURRENT_TIMESTAMP COMMENT 'Время создания строки',
  PRIMARY KEY (`community_id`,`user_id`) COMMENT 'Составной первичный ключ'
) ENGINE=InnoDB DEFAULT CHARSET=utf8mb4 COLLATE=utf8mb4_unicode_ci COMMENT='Участники групп, связь между пользователями и группами';
/*!40101 SET character_set_client = @saved_cs_client */;

--
-- Dumping data for table `communities_users`
--

LOCK TABLES `communities_users` WRITE;
/*!40000 ALTER TABLE `communities_users` DISABLE KEYS */;
INSERT INTO `communities_users` VALUES (1,6,'2015-06-30 00:03:26'),(1,26,'2017-05-01 09:15:41'),(2,65,'2014-12-21 11:29:19'),(3,57,'2013-02-19 00:59:32'),(5,89,'2016-07-03 00:39:38'),(6,62,'2020-02-25 15:51:48'),(6,91,'2013-03-23 07:33:10'),(7,5,'2015-07-26 15:39:55'),(7,32,'2011-10-04 19:07:30'),(8,89,'2017-08-30 23:21:55'),(9,71,'2019-08-25 02:38:07'),(10,5,'2015-05-11 08:28:05'),(13,11,'2017-05-23 09:23:34'),(13,90,'2012-06-17 19:04:45'),(16,50,'2013-04-03 04:40:52'),(17,74,'2017-12-06 12:48:07'),(18,82,'2020-03-06 01:46:48'),(18,93,'2013-01-23 19:32:51'),(20,37,'2018-10-11 06:15:19'),(21,45,'2015-10-22 14:00:10'),(21,48,'2016-01-09 00:47:27'),(22,24,'2015-02-04 11:01:48'),(23,34,'2020-04-12 00:02:02'),(25,47,'2021-02-15 19:03:15'),(25,100,'2012-02-26 20:51:19'),(27,2,'2011-11-05 18:22:45'),(27,19,'2020-02-19 20:26:50'),(27,72,'2016-11-23 21:42:09'),(27,99,'2013-01-04 18:05:03'),(28,24,'2015-03-09 06:02:58'),(30,76,'2015-09-17 06:13:38'),(31,19,'2014-01-17 18:15:12'),(31,58,'2015-08-10 14:24:27'),(31,97,'2017-01-17 18:44:12'),(32,71,'2017-07-07 02:48:20'),(33,13,'2020-10-08 08:07:47'),(33,23,'2016-11-17 11:47:33'),(34,7,'2021-02-19 05:16:33'),(34,71,'2017-06-28 20:19:36'),(35,15,'2018-08-23 15:27:08'),(38,31,'2013-07-06 17:55:06'),(38,82,'2020-11-23 12:03:23'),(38,93,'2021-02-02 05:41:03'),(39,63,'2011-05-04 15:55:45'),(39,87,'2011-04-20 06:56:40'),(40,79,'2017-07-10 02:50:50'),(41,3,'2012-02-13 06:18:32'),(41,20,'2017-10-29 22:50:37'),(42,65,'2019-03-04 09:50:01'),(44,50,'2018-05-17 20:43:58'),(44,76,'2015-03-21 19:13:58'),(45,80,'2020-11-28 00:25:10'),(46,91,'2015-10-24 13:10:50'),(47,25,'2014-01-16 03:46:36'),(47,42,'2011-08-10 19:36:48'),(48,71,'2017-11-01 18:25:06'),(48,77,'2018-09-01 04:12:07'),(50,72,'2019-11-09 06:33:03'),(51,53,'2012-08-31 21:09:06'),(52,52,'2011-12-10 23:22:21'),(54,30,'2014-06-03 02:17:12'),(54,84,'2019-01-11 00:42:24'),(54,91,'2016-04-12 07:44:36'),(55,37,'2013-08-06 23:12:22'),(56,52,'2017-06-14 04:48:35'),(58,54,'2019-08-26 07:27:15'),(61,74,'2013-04-13 05:58:19'),(63,82,'2020-07-29 10:16:45'),(65,19,'2013-01-03 15:36:11'),(67,67,'2019-11-24 19:44:23'),(70,15,'2018-11-11 20:15:59'),(71,55,'2020-11-13 08:09:07'),(75,2,'2016-04-15 12:51:56'),(75,74,'2013-12-19 18:44:22'),(75,85,'2014-10-01 17:56:09'),(76,57,'2020-07-17 00:43:08'),(77,3,'2018-09-28 14:04:02'),(78,43,'2016-06-30 06:32:03'),(78,70,'2016-02-28 05:04:08'),(78,90,'2020-07-21 13:03:27'),(79,46,'2011-04-20 05:54:52'),(81,16,'2012-05-21 13:11:38'),(82,33,'2014-06-28 14:55:35'),(82,34,'2017-06-17 23:29:51'),(86,23,'2020-05-22 17:50:53'),(90,53,'2016-09-21 11:54:59'),(91,97,'2014-07-29 17:21:17'),(92,36,'2014-11-18 12:25:43'),(92,85,'2017-05-15 19:57:33'),(93,59,'2013-09-19 06:03:01'),(94,53,'2013-04-29 16:31:12'),(95,20,'2014-05-17 12:29:50'),(96,34,'2015-01-19 22:35:14'),(96,39,'2014-02-08 09:31:49'),(96,98,'2018-08-11 18:39:40'),(100,20,'2015-02-11 00:01:05'),(100,93,'2014-06-22 05:45:18'),(100,98,'2014-09-27 05:51:36');
/*!40000 ALTER TABLE `communities_users` ENABLE KEYS */;
UNLOCK TABLES;

--
-- Table structure for table `friendship`
--

DROP TABLE IF EXISTS `friendship`;
/*!40101 SET @saved_cs_client     = @@character_set_client */;
/*!50503 SET character_set_client = utf8mb4 */;
CREATE TABLE `friendship` (
  `user_id` int unsigned NOT NULL COMMENT 'Ссылка на инициатора дружеских отношений',
  `friend_id` int unsigned NOT NULL COMMENT 'Ссылка на получателя приглашения дружить',
  `friendship_status_id` int unsigned NOT NULL COMMENT 'Ссылка на статус (текущее состояние) отношений',
  `requested_at` datetime DEFAULT CURRENT_TIMESTAMP COMMENT 'Время отправления приглашения дружить',
  `confirmed_at` datetime DEFAULT NULL COMMENT 'Время подтверждения приглашения',
  `created_at` datetime DEFAULT CURRENT_TIMESTAMP COMMENT 'Время создания строки',
  `updated_at` datetime DEFAULT CURRENT_TIMESTAMP ON UPDATE CURRENT_TIMESTAMP COMMENT 'Время обновления строки',
  PRIMARY KEY (`user_id`,`friend_id`) COMMENT 'Составной первичный ключ'
) ENGINE=InnoDB DEFAULT CHARSET=utf8mb4 COLLATE=utf8mb4_unicode_ci COMMENT='Таблица дружбы';
/*!40101 SET character_set_client = @saved_cs_client */;

--
-- Dumping data for table `friendship`
--

LOCK TABLES `friendship` WRITE;
/*!40000 ALTER TABLE `friendship` DISABLE KEYS */;
INSERT INTO `friendship` VALUES (1,52,4,'2018-01-01 00:00:00','2014-03-21 21:13:24','2013-11-22 21:41:57','2012-12-19 15:15:53'),(1,69,5,'2018-01-01 00:00:00','2011-05-25 08:54:40','2016-07-28 16:06:26','2011-12-05 15:17:43'),(2,32,3,'2018-01-01 00:00:00','2013-09-28 04:53:58','2016-12-17 11:31:29','2014-06-03 06:56:24'),(2,89,1,'2018-01-01 00:00:00','2015-01-04 19:36:21','2016-12-27 14:15:39','2013-05-18 05:39:33'),(4,4,3,'2018-01-01 00:00:00','2015-06-21 11:10:21','2011-10-19 03:18:32','2014-03-17 22:52:10'),(5,97,5,'2018-01-01 00:00:00','2012-11-23 19:09:18','2014-06-04 07:49:22','2016-01-14 03:36:36'),(6,37,4,'2018-01-01 00:00:00','2012-03-08 13:22:29','2015-09-09 16:46:52','2015-12-26 17:37:59'),(6,69,1,'2018-01-01 00:00:00','2012-07-19 08:20:19','2015-11-30 09:36:37','2016-07-20 03:32:53'),(7,36,4,'2018-01-01 00:00:00','2014-11-03 12:48:14','2016-05-25 03:09:53','2013-05-23 12:22:09'),(9,77,4,'2018-01-01 00:00:00','2015-10-07 04:07:40','2011-05-14 08:16:07','2017-11-04 02:16:47'),(10,77,4,'2018-01-01 00:00:00','2011-10-14 02:53:23','2012-02-26 07:40:53','2014-11-30 09:25:15'),(11,37,3,'2018-01-01 00:00:00','2016-12-11 13:50:23','2016-10-18 23:30:40','2013-12-17 02:55:50'),(11,49,6,'2018-01-01 00:00:00','2012-02-03 19:00:34','2014-11-05 03:18:28','2013-01-30 05:55:34'),(11,85,3,'2018-01-01 00:00:00','2011-11-05 19:28:36','2012-03-25 02:45:24','2015-07-05 16:03:31'),(12,50,6,'2018-01-01 00:00:00','2014-08-16 20:55:22','2013-09-24 02:31:58','2017-11-03 21:55:47'),(17,94,3,'2018-01-01 00:00:00','2014-10-27 10:44:32','2016-08-25 10:50:04','2017-07-27 19:33:41'),(18,75,1,'2018-01-01 00:00:00','2011-10-28 06:45:12','2011-12-16 01:33:02','2013-07-06 22:15:42'),(20,10,4,'2018-01-01 00:00:00','2012-09-09 05:15:18','2015-08-28 22:14:34','2017-03-31 05:07:53'),(21,31,1,'2018-01-01 00:00:00','2016-08-16 15:52:09','2016-02-25 14:45:48','2015-02-03 19:11:25'),(23,37,4,'2018-01-01 00:00:00','2014-02-20 11:08:33','2011-06-24 16:48:11','2017-02-22 07:34:01'),(23,50,1,'2018-01-01 00:00:00','2014-11-06 20:28:48','2015-03-14 10:55:02','2012-04-20 12:47:19'),(24,28,3,'2018-01-01 00:00:00','2016-09-15 03:02:59','2016-12-07 15:18:32','2016-07-13 13:59:05'),(24,54,3,'2018-01-01 00:00:00','2014-06-04 23:21:27','2015-12-26 13:04:08','2013-08-22 13:53:59'),(24,85,1,'2018-01-01 00:00:00','2013-12-30 01:22:18','2015-06-01 03:41:33','2017-04-26 23:38:21'),(25,67,2,'2018-01-01 00:00:00','2013-09-01 06:43:41','2012-05-21 04:45:25','2017-09-08 17:02:17'),(25,78,4,'2018-01-01 00:00:00','2016-01-20 09:17:47','2016-05-26 19:36:32','2017-09-06 14:14:08'),(26,8,2,'2018-01-01 00:00:00','2013-11-24 22:15:00','2011-03-26 19:17:38','2015-11-08 21:22:37'),(27,90,6,'2018-01-01 00:00:00','2015-05-10 20:18:25','2012-11-16 11:14:13','2012-10-11 17:51:46'),(27,92,5,'2018-01-01 00:00:00','2012-01-12 20:04:56','2014-10-27 11:32:17','2016-11-30 01:59:19'),(28,45,1,'2018-01-01 00:00:00','2016-06-26 07:10:50','2013-04-17 21:50:32','2015-09-02 19:27:43'),(29,37,6,'2018-01-01 00:00:00','2016-04-11 09:49:28','2013-01-16 04:51:12','2013-03-04 16:11:47'),(29,99,3,'2018-01-01 00:00:00','2015-04-10 03:15:55','2016-12-20 06:20:19','2011-03-25 01:23:51'),(31,2,2,'2018-01-01 00:00:00','2013-10-22 23:00:43','2012-04-18 20:47:36','2015-04-30 19:40:04'),(31,79,3,'2018-01-01 00:00:00','2012-03-17 15:01:07','2015-05-29 11:01:31','2014-07-17 01:10:28'),(34,57,6,'2018-01-01 00:00:00','2012-01-24 04:48:15','2012-08-26 16:13:52','2017-06-23 00:49:02'),(36,92,5,'2018-01-01 00:00:00','2014-07-23 15:34:31','2014-02-10 14:48:44','2011-06-11 16:16:43'),(36,93,1,'2018-01-01 00:00:00','2012-10-17 17:14:03','2014-08-13 12:15:55','2011-07-12 15:56:47'),(37,84,6,'2018-01-01 00:00:00','2012-08-04 12:02:47','2013-05-19 20:41:52','2015-01-26 13:59:04'),(40,8,6,'2018-01-01 00:00:00','2012-10-16 00:34:59','2014-01-28 09:24:45','2013-01-22 19:15:43'),(40,79,1,'2018-01-01 00:00:00','2011-06-07 17:45:34','2012-12-23 06:22:44','2012-04-01 04:09:37'),(40,90,2,'2018-01-01 00:00:00','2011-11-19 00:02:42','2011-11-13 04:07:59','2016-09-26 19:27:05'),(41,72,2,'2018-01-01 00:00:00','2014-11-19 01:49:31','2011-12-24 01:19:26','2016-02-24 02:04:44'),(42,40,3,'2018-01-01 00:00:00','2013-08-28 05:55:27','2014-04-19 13:18:11','2013-09-23 07:54:11'),(43,100,3,'2018-01-01 00:00:00','2015-08-31 01:11:14','2016-03-05 22:00:14','2015-10-24 12:29:02'),(47,38,4,'2018-01-01 00:00:00','2015-08-28 21:59:54','2014-02-10 19:21:54','2014-07-27 05:54:55'),(48,45,4,'2018-01-01 00:00:00','2016-01-08 08:08:56','2016-12-18 11:16:34','2011-06-22 00:11:44'),(49,49,2,'2018-01-01 00:00:00','2016-12-19 06:45:12','2013-05-19 05:19:02','2017-05-19 08:25:09'),(50,61,6,'2018-01-01 00:00:00','2014-10-29 07:27:23','2014-08-20 10:34:56','2013-04-14 03:45:51'),(50,77,6,'2018-01-01 00:00:00','2016-12-20 20:00:06','2012-11-25 11:51:09','2015-04-13 16:13:25'),(51,48,2,'2018-01-01 00:00:00','2015-01-15 10:00:24','2015-01-25 08:03:16','2016-07-07 23:09:14'),(54,2,1,'2018-01-01 00:00:00','2016-03-09 11:18:14','2015-11-24 22:28:22','2015-11-26 14:01:53'),(54,39,4,'2018-01-01 00:00:00','2016-02-19 20:43:12','2016-12-27 09:36:35','2016-10-02 15:35:14'),(54,64,2,'2018-01-01 00:00:00','2012-02-23 17:52:48','2014-11-22 06:23:20','2011-03-04 20:47:03'),(54,67,5,'2018-01-01 00:00:00','2012-01-27 18:23:41','2016-01-28 03:23:52','2011-03-08 19:29:36'),(54,98,3,'2018-01-01 00:00:00','2013-01-26 12:23:14','2015-10-31 14:07:32','2012-05-16 04:45:39'),(55,89,4,'2018-01-01 00:00:00','2016-09-21 18:37:32','2015-10-02 06:31:46','2015-09-02 14:42:02'),(56,1,6,'2018-01-01 00:00:00','2016-01-17 13:11:00','2013-12-21 10:28:50','2015-10-15 02:59:04'),(57,12,6,'2018-01-01 00:00:00','2016-10-01 07:29:36','2014-02-04 22:16:12','2016-02-20 17:25:52'),(57,14,5,'2018-01-01 00:00:00','2014-02-12 18:52:59','2015-07-16 13:43:16','2017-07-01 07:23:29'),(57,35,3,'2018-01-01 00:00:00','2012-12-06 02:40:57','2011-04-06 06:43:16','2016-02-19 00:23:31'),(57,58,4,'2018-01-01 00:00:00','2011-04-04 08:41:16','2016-11-01 18:52:57','2012-11-04 11:35:20'),(59,7,5,'2018-01-01 00:00:00','2012-03-07 22:47:11','2012-07-30 02:59:46','2015-09-19 05:06:47'),(61,14,3,'2018-01-01 00:00:00','2013-05-31 10:36:41','2011-11-24 20:12:49','2016-01-09 18:14:53'),(64,20,1,'2018-01-01 00:00:00','2011-12-15 11:43:39','2013-01-20 02:31:01','2014-09-06 20:18:46'),(66,60,4,'2018-01-01 00:00:00','2013-05-11 16:09:19','2015-01-23 14:35:46','2014-10-17 15:23:21'),(67,7,6,'2018-01-01 00:00:00','2014-08-13 18:57:37','2013-10-01 21:24:58','2015-11-27 10:36:19'),(67,61,6,'2018-01-01 00:00:00','2014-04-17 13:16:29','2012-09-01 00:20:30','2013-04-22 14:08:32'),(68,68,3,'2018-01-01 00:00:00','2016-09-18 14:00:13','2016-07-17 02:23:07','2014-02-24 10:34:58'),(71,25,3,'2018-01-01 00:00:00','2011-05-10 11:29:44','2015-09-03 09:08:12','2016-03-26 15:24:24'),(71,64,2,'2018-01-01 00:00:00','2016-04-17 10:11:52','2015-07-10 10:52:48','2016-12-30 09:31:23'),(71,66,2,'2018-01-01 00:00:00','2011-12-19 23:54:58','2011-03-04 08:35:26','2013-06-17 19:54:52'),(73,17,2,'2018-01-01 00:00:00','2013-01-05 02:16:54','2013-04-05 02:27:10','2017-03-20 11:10:43'),(73,54,5,'2018-01-01 00:00:00','2012-01-07 20:36:42','2013-08-17 17:23:01','2017-11-17 16:16:15'),(73,67,5,'2018-01-01 00:00:00','2015-10-04 23:34:53','2013-04-10 21:44:56','2012-04-29 19:16:33'),(74,66,1,'2018-01-01 00:00:00','2015-02-12 20:54:58','2012-06-02 16:23:41','2016-10-04 05:51:41'),(76,65,3,'2018-01-01 00:00:00','2016-01-18 10:41:51','2016-07-16 10:55:09','2013-12-28 05:26:20'),(78,13,6,'2018-01-01 00:00:00','2013-11-29 09:21:35','2016-04-12 04:30:47','2013-08-19 00:13:45'),(78,14,2,'2018-01-01 00:00:00','2015-06-19 06:54:18','2012-06-17 13:15:09','2012-10-25 01:29:38'),(79,21,5,'2018-01-01 00:00:00','2016-08-28 17:29:46','2014-01-28 17:23:56','2014-03-26 17:47:14'),(79,47,3,'2018-01-01 00:00:00','2015-03-25 03:53:59','2013-12-02 00:37:01','2017-01-18 06:02:18'),(80,37,6,'2018-01-01 00:00:00','2012-10-24 23:06:41','2013-06-09 06:06:05','2013-05-30 11:47:08'),(81,31,2,'2018-01-01 00:00:00','2015-07-26 02:54:39','2014-01-20 22:34:10','2015-07-12 06:42:42'),(81,88,3,'2018-01-01 00:00:00','2015-02-19 23:02:39','2014-04-01 14:18:57','2017-01-10 02:00:48'),(83,58,1,'2018-01-01 00:00:00','2011-11-07 09:27:22','2012-05-18 07:51:10','2017-12-21 12:10:10'),(86,45,1,'2018-01-01 00:00:00','2013-09-28 12:42:13','2011-11-19 00:17:27','2012-08-08 20:28:19'),(86,85,4,'2018-01-01 00:00:00','2011-10-25 05:18:52','2014-12-11 01:34:52','2016-08-03 04:08:50'),(87,21,5,'2018-01-01 00:00:00','2015-12-25 15:58:35','2012-11-17 00:42:30','2013-03-03 17:09:56'),(87,74,3,'2018-01-01 00:00:00','2015-04-10 18:00:14','2015-01-26 16:23:17','2014-09-06 01:14:15'),(88,1,5,'2018-01-01 00:00:00','2014-05-13 09:49:12','2013-02-03 15:25:26','2015-03-12 11:22:33'),(88,83,6,'2018-01-01 00:00:00','2016-01-27 19:57:13','2015-08-25 16:49:12','2015-12-16 04:04:04'),(88,91,6,'2018-01-01 00:00:00','2015-11-09 05:13:54','2016-07-06 01:59:17','2011-09-29 05:49:41'),(89,7,2,'2018-01-01 00:00:00','2012-03-09 21:13:28','2016-03-12 12:34:54','2017-07-23 16:54:37'),(90,49,3,'2018-01-01 00:00:00','2016-08-19 03:30:27','2013-01-18 22:20:31','2011-04-21 22:16:52'),(90,77,2,'2018-01-01 00:00:00','2012-02-20 18:08:03','2011-08-22 03:55:47','2017-07-13 13:15:18'),(93,9,3,'2018-01-01 00:00:00','2014-07-16 09:07:21','2013-12-23 04:45:45','2013-02-18 22:14:23'),(93,72,1,'2018-01-01 00:00:00','2013-11-05 22:44:06','2013-09-04 09:41:44','2011-06-28 20:25:35'),(95,27,6,'2018-01-01 00:00:00','2012-05-15 06:50:58','2011-04-23 12:48:05','2016-02-16 09:18:00'),(99,39,1,'2018-01-01 00:00:00','2016-02-15 07:24:16','2016-11-25 05:53:40','2013-07-01 09:15:13'),(99,94,4,'2018-01-01 00:00:00','2015-01-14 20:28:32','2015-08-09 18:31:24','2014-08-06 12:17:12'),(100,78,3,'2018-01-01 00:00:00','2014-10-23 17:34:40','2011-04-18 23:35:29','2017-02-14 16:51:15');
/*!40000 ALTER TABLE `friendship` ENABLE KEYS */;
UNLOCK TABLES;

--
-- Table structure for table `friendship_statuses`
--

DROP TABLE IF EXISTS `friendship_statuses`;
/*!40101 SET @saved_cs_client     = @@character_set_client */;
/*!50503 SET character_set_client = utf8mb4 */;
CREATE TABLE `friendship_statuses` (
  `id` int unsigned NOT NULL AUTO_INCREMENT COMMENT 'Идентификатор строки',
  `name` varchar(150) CHARACTER SET utf8mb4 COLLATE utf8mb4_unicode_ci NOT NULL COMMENT 'Название статуса',
  `created_at` datetime DEFAULT CURRENT_TIMESTAMP COMMENT 'Время создания строки',
  `updated_at` datetime DEFAULT CURRENT_TIMESTAMP ON UPDATE CURRENT_TIMESTAMP COMMENT 'Время обновления строки',
  PRIMARY KEY (`id`),
  UNIQUE KEY `name` (`name`)
) ENGINE=InnoDB AUTO_INCREMENT=7 DEFAULT CHARSET=utf8mb4 COLLATE=utf8mb4_unicode_ci COMMENT='Статусы дружбы';
/*!40101 SET character_set_client = @saved_cs_client */;

--
-- Dumping data for table `friendship_statuses`
--

LOCK TABLES `friendship_statuses` WRITE;
/*!40000 ALTER TABLE `friendship_statuses` DISABLE KEYS */;
INSERT INTO `friendship_statuses` VALUES (1,'in','2012-05-25 08:48:33','2014-06-26 15:03:53'),(2,'impedit','2021-01-02 21:01:20','2020-09-10 15:18:25'),(3,'occaecati','2014-11-24 06:15:35','2020-10-23 15:31:20'),(4,'nihil','2013-02-09 20:38:26','2018-09-16 17:06:40'),(5,'et','2019-07-09 16:55:29','2016-05-13 17:32:18'),(6,'corrupti','2011-07-21 02:44:06','2018-01-12 10:53:03');
/*!40000 ALTER TABLE `friendship_statuses` ENABLE KEYS */;
UNLOCK TABLES;

--
-- Table structure for table `media`
--

DROP TABLE IF EXISTS `media`;
/*!40101 SET @saved_cs_client     = @@character_set_client */;
/*!50503 SET character_set_client = utf8mb4 */;
CREATE TABLE `media` (
  `id` int unsigned NOT NULL AUTO_INCREMENT COMMENT 'Идентификатор строки',
  `user_id` int unsigned NOT NULL COMMENT 'Ссылка на пользователя, который загрузил файл',
  `filename` varchar(255) CHARACTER SET utf8mb4 COLLATE utf8mb4_unicode_ci NOT NULL COMMENT 'Путь к файлу',
  `size` int NOT NULL COMMENT 'Размер файла',
  `metadata` longtext CHARACTER SET utf8mb4 COLLATE utf8mb4_bin COMMENT 'Метаданные файла',
  `media_type_id` int unsigned NOT NULL COMMENT 'Ссылка на тип контента',
  `created_at` datetime DEFAULT CURRENT_TIMESTAMP COMMENT 'Время создания строки',
  `updated_at` datetime DEFAULT CURRENT_TIMESTAMP ON UPDATE CURRENT_TIMESTAMP COMMENT 'Время обновления строки',
  PRIMARY KEY (`id`),
  CONSTRAINT `media_chk_1` CHECK (json_valid(`metadata`))
) ENGINE=InnoDB AUTO_INCREMENT=872 DEFAULT CHARSET=utf8mb4 COLLATE=utf8mb4_unicode_ci COMMENT='Медиафайлы';
/*!40101 SET character_set_client = @saved_cs_client */;

--
-- Dumping data for table `media`
--

LOCK TABLES `media` WRITE;
/*!40000 ALTER TABLE `media` DISABLE KEYS */;
INSERT INTO `media` VALUES (467,73,'122.146.129.106',17770,'501821877',19,'2015-12-06 04:23:09','2020-06-27 05:02:19'),(468,35,'191.25.187.128',282,'56415',9,'2020-07-08 03:59:00','2017-04-30 08:15:30'),(469,62,'86.93.42.118',9141,'41071192',11,'2016-06-02 01:57:07','2011-08-02 07:25:35'),(470,22,'242.52.79.163',24958,'598540',4,'2015-03-31 18:09:48','2013-11-06 23:14:30'),(471,73,'127.179.93.132',806,'733005077',2,'2016-01-24 09:05:53','2015-09-08 00:59:49'),(472,44,'33.49.62.103',23985,'69722562',9,'2011-12-25 20:19:39','2016-12-10 08:50:09'),(473,45,'132.122.60.4',30249,'390907539',20,'2017-03-02 01:41:54','2015-02-03 23:54:09'),(474,14,'238.31.154.32',22931,'85613',17,'2018-10-11 00:56:45','2018-09-20 20:19:30'),(475,8,'122.25.147.100',7365,'48927',2,'2016-10-16 00:33:27','2014-08-04 02:45:43'),(476,54,'41.162.100.30',8581,'556',9,'2019-03-24 21:23:50','2017-11-14 18:35:58'),(477,5,'30.250.42.102',4460,'102',18,'2015-02-23 16:40:22','2016-04-05 07:06:44'),(478,23,'95.79.225.159',3903,'616720741',7,'2011-10-10 22:13:24','2012-05-28 07:11:08'),(479,79,'143.85.227.88',25234,'2',20,'2018-12-27 01:44:01','2021-01-13 04:43:49'),(480,83,'206.247.203.28',17489,'3138',20,'2011-08-17 21:53:43','2017-02-21 22:53:31'),(481,20,'100.238.13.253',4219,'3991',13,'2014-07-28 16:10:21','2014-07-30 17:00:36'),(482,35,'186.253.146.136',38055,'377157',18,'2015-04-09 20:16:26','2020-06-12 09:53:25'),(483,20,'39.118.28.83',36577,'81739',7,'2018-03-21 10:24:41','2017-03-02 06:30:40'),(484,2,'249.32.131.44',6997,'8587',9,'2018-02-07 13:26:06','2011-03-29 08:16:22'),(485,5,'90.245.227.58',11437,'15830227',7,'2012-07-17 12:31:04','2016-12-11 12:48:33'),(486,96,'130.11.225.152',28460,'1',8,'2013-09-18 16:09:42','2011-04-11 15:40:36'),(487,70,'81.45.91.223',8056,'1',17,'2015-04-20 07:42:04','2015-10-07 19:40:55'),(488,65,'239.228.124.71',10715,'640521283',18,'2017-06-26 11:41:05','2017-02-20 09:45:27'),(489,97,'59.103.223.187',10956,'394',10,'2020-02-14 21:23:09','2011-08-01 11:08:19'),(490,34,'159.50.148.241',1047,'749486972',3,'2013-06-27 11:30:52','2015-09-11 15:23:32'),(491,58,'130.15.164.9',33549,'5924',9,'2013-01-29 04:15:16','2017-04-27 02:16:28'),(492,8,'240.224.239.127',17517,'85',18,'2014-01-05 07:08:57','2012-02-23 11:51:48'),(493,86,'41.139.247.112',18486,'92146378',10,'2012-04-05 08:22:06','2012-02-10 02:23:27'),(494,17,'45.104.85.191',25612,'877',8,'2012-02-09 22:53:18','2018-01-04 01:23:14'),(495,37,'75.24.249.39',24984,'289',18,'2019-05-30 04:32:24','2012-10-30 13:17:52'),(496,15,'198.81.3.177',27635,'916',13,'2015-01-07 20:51:22','2013-02-26 02:25:04'),(497,93,'48.118.214.201',16109,'71575210',8,'2019-06-09 09:48:54','2014-03-22 17:27:10'),(498,63,'180.133.84.180',1060,'16598190',2,'2018-06-01 21:37:06','2013-05-10 06:17:04'),(499,76,'131.243.126.187',15595,'7336756',16,'2011-11-16 14:06:04','2020-03-30 05:24:31'),(500,56,'142.104.54.117',37144,'397849',19,'2014-04-30 10:48:02','2017-06-11 19:25:35'),(501,11,'49.26.94.146',31642,'9172',16,'2015-01-19 02:49:31','2019-11-29 03:49:43'),(502,68,'110.133.136.224',5296,'4',3,'2014-08-08 08:35:32','2015-04-19 12:12:51'),(503,91,'244.30.2.203',24099,'6962',7,'2017-06-16 14:55:02','2014-01-25 14:30:20'),(504,84,'54.88.54.224',23807,'664',6,'2011-08-02 11:55:24','2018-02-05 17:12:34'),(505,26,'131.213.168.94',16602,'356090',9,'2015-05-02 03:48:28','2015-06-23 03:50:28'),(506,76,'237.132.119.14',14683,'610968219',2,'2016-07-23 16:17:16','2015-02-26 16:33:19'),(507,31,'42.25.34.71',36332,'75187',3,'2016-10-05 15:00:26','2012-11-07 11:53:34'),(508,43,'172.6.204.7',35512,'96028',6,'2019-06-13 21:15:48','2016-08-27 06:16:59'),(509,52,'151.43.240.11',14950,'54403',9,'2019-06-23 14:15:32','2018-10-18 00:53:17'),(510,26,'3.135.30.6',15102,'9',9,'2019-10-12 15:29:28','2018-05-04 01:16:13'),(511,16,'252.30.204.171',29120,'3',13,'2015-03-31 19:35:06','2015-11-09 18:45:53'),(512,7,'229.158.231.123',26819,'3428',5,'2018-11-10 06:12:46','2020-03-23 08:20:25'),(513,51,'125.42.97.63',9278,'61858805',4,'2014-07-06 18:04:22','2019-03-07 14:24:47'),(514,9,'108.70.52.73',28553,'44285094',5,'2018-01-11 20:09:56','2015-08-11 05:27:08'),(515,46,'216.147.112.13',8800,'320796583',11,'2013-12-16 00:09:48','2013-10-27 14:14:01'),(516,22,'182.40.66.228',35159,'14',10,'2020-02-11 16:11:29','2018-11-29 12:58:40'),(517,20,'55.251.44.28',749,'286',6,'2016-06-06 14:28:26','2011-09-11 16:15:52'),(518,4,'140.35.30.105',34204,'47',10,'2018-11-11 21:05:12','2013-05-24 14:20:15'),(519,12,'91.126.63.249',27316,'1024020',8,'2014-01-27 19:43:01','2013-12-05 13:38:45'),(520,62,'21.125.171.163',10725,'676',11,'2011-12-31 03:55:22','2013-08-22 20:26:17'),(521,2,'235.116.34.67',32030,'30316',12,'2019-04-26 05:40:16','2017-07-22 01:33:46'),(522,83,'184.53.235.129',15098,'2455',19,'2018-04-10 23:04:40','2014-08-22 09:12:59'),(523,18,'109.171.74.244',19729,'656797416',4,'2018-10-13 21:09:19','2019-08-13 21:55:07'),(524,43,'248.146.18.108',20192,'628',5,'2019-07-22 22:28:27','2013-12-16 02:19:11'),(525,36,'208.208.99.146',26289,'133',19,'2012-06-16 00:53:27','2012-07-04 20:22:47'),(526,55,'43.151.104.120',35114,'2165244',20,'2020-11-06 13:35:40','2012-12-21 12:08:38'),(527,53,'47.114.23.151',20224,'123',14,'2012-11-17 22:30:29','2018-01-28 20:44:33'),(528,30,'121.19.144.137',36329,'8432284',15,'2014-10-21 22:21:57','2012-10-18 07:39:42'),(529,40,'32.112.88.8',38729,'916264603',17,'2019-12-02 00:14:10','2015-11-04 14:41:06'),(530,11,'5.81.223.223',11733,'358522973',13,'2017-09-14 08:27:24','2020-10-29 10:05:40'),(531,38,'53.200.164.212',14896,'8552',12,'2018-08-17 05:53:01','2012-04-09 20:30:29'),(532,58,'43.5.1.74',11357,'89',2,'2011-11-11 16:51:29','2014-03-25 02:44:25'),(533,83,'211.252.34.112',18199,'2203',4,'2015-09-29 10:01:52','2013-08-08 23:26:48'),(534,21,'79.88.221.22',9819,'6',1,'2012-10-05 05:04:35','2016-05-03 08:14:17'),(535,7,'77.67.124.128',22225,'97979',17,'2021-01-14 00:46:13','2015-11-28 12:22:28'),(536,39,'111.64.55.35',1330,'9',11,'2017-09-08 07:00:51','2013-09-28 14:44:42'),(537,98,'193.148.176.158',17314,'373',8,'2013-10-16 08:30:55','2014-11-22 14:51:16'),(538,39,'129.167.156.117',4483,'458787',4,'2020-05-23 12:57:20','2014-07-05 20:55:29'),(539,87,'174.229.92.67',29258,'30',14,'2020-03-31 20:48:06','2012-03-24 07:38:54'),(540,41,'239.107.252.245',23100,'67844',18,'2012-11-27 04:46:47','2018-01-28 16:16:08'),(541,51,'212.108.201.148',21948,'370',2,'2017-12-01 15:56:10','2014-03-15 07:32:23'),(542,95,'122.18.58.127',2963,'78',6,'2018-03-19 12:04:50','2021-01-01 19:42:02'),(543,15,'215.143.118.99',19614,'36030337',3,'2011-09-27 12:21:54','2013-03-04 09:48:17'),(544,94,'162.56.50.198',20162,'56937',3,'2015-10-28 11:09:30','2013-02-14 00:48:58'),(545,75,'34.151.192.13',26801,'82',14,'2018-04-12 01:52:08','2016-02-13 09:54:18'),(546,51,'99.192.178.52',943,'489',7,'2020-02-06 02:30:29','2019-12-01 19:12:38'),(547,26,'124.227.3.13',28676,'507',5,'2016-02-03 02:46:21','2011-06-13 09:53:34'),(548,94,'119.106.66.235',24096,'686914',6,'2015-02-01 17:31:33','2015-10-09 11:00:31'),(549,7,'135.79.121.223',25490,'4883',7,'2019-02-26 11:17:22','2018-09-29 12:44:57'),(550,82,'72.18.149.28',20183,'5388843',2,'2020-10-27 11:18:07','2012-10-31 14:18:14'),(551,36,'158.132.23.184',2141,'53267104',7,'2014-05-04 01:32:52','2013-12-16 05:59:54'),(552,91,'245.47.38.105',29773,'2',11,'2020-11-03 12:03:15','2018-02-15 17:23:17'),(553,86,'143.198.21.212',13172,'4',3,'2012-12-26 13:30:28','2013-10-26 04:49:37'),(554,66,'43.234.149.251',13777,'6',7,'2020-01-13 22:51:35','2019-08-30 00:30:12'),(555,35,'108.197.59.100',2763,'971360',19,'2020-06-09 09:30:07','2012-09-04 01:29:41'),(556,18,'249.243.231.238',38751,'163190',15,'2014-08-15 10:34:17','2018-07-27 06:43:34'),(557,52,'218.233.224.98',33265,'2247709',14,'2020-12-13 19:56:25','2019-02-13 05:18:45'),(558,28,'227.39.146.232',31534,'6186',3,'2020-12-23 02:05:24','2019-04-27 11:23:02'),(559,24,'114.60.198.2',12249,'22486875',1,'2018-12-26 14:55:02','2018-10-30 01:40:51'),(560,51,'114.217.6.29',22482,'9534',14,'2017-10-05 01:27:47','2019-06-22 18:45:53'),(561,37,'98.139.93.59',20771,'804',18,'2011-06-07 00:26:51','2016-08-25 20:23:27'),(562,10,'191.56.240.3',36827,'274',14,'2016-05-14 19:12:25','2017-05-08 21:39:50'),(563,61,'76.65.77.64',10863,'5',15,'2016-11-03 08:41:35','2016-09-06 11:26:32'),(564,55,'98.224.63.223',31870,'87586833',20,'2020-12-21 01:41:38','2013-05-12 12:13:52'),(565,22,'27.156.173.96',5225,'1',17,'2015-11-23 23:22:41','2016-11-11 08:56:43'),(566,53,'25.150.166.99',225,'4608',10,'2012-03-14 09:25:29','2012-01-06 10:45:36'),(567,46,'37.43.45.38',19129,'73839',2,'2014-05-26 11:56:45','2019-06-22 23:15:17'),(568,82,'108.134.186.129',4045,'6641',10,'2020-04-30 15:53:46','2019-08-30 16:39:40'),(569,85,'209.159.177.61',32287,'77099385',2,'2016-04-05 20:54:57','2020-06-21 22:53:48'),(570,32,'45.213.131.145',25681,'168547',7,'2020-05-01 04:22:40','2019-04-25 20:02:56'),(571,30,'87.87.207.140',23843,'46357',18,'2014-08-03 10:25:44','2019-03-10 04:48:10'),(572,26,'192.18.141.200',21360,'5805192',6,'2017-06-28 14:19:35','2021-01-01 16:01:37'),(573,49,'135.42.239.223',10754,'9830',18,'2013-02-24 21:04:27','2020-06-21 07:02:11'),(574,11,'249.38.223.114',17076,'3588',7,'2016-05-14 00:53:00','2014-10-14 04:08:19'),(575,70,'169.167.72.110',879,'5',20,'2019-04-28 14:24:21','2020-04-04 20:34:58'),(576,8,'134.61.188.149',1805,'258454',19,'2021-01-06 11:43:13','2011-09-13 07:53:48'),(577,16,'187.215.43.19',35509,'2',10,'2017-04-18 00:43:03','2018-12-02 00:00:06'),(578,34,'68.72.160.43',22575,'978',1,'2014-02-07 00:43:44','2013-03-31 01:25:57'),(579,99,'211.183.135.2',16262,'681',3,'2016-12-12 21:38:05','2015-01-28 19:45:12'),(580,76,'65.42.176.70',24515,'37277',13,'2019-02-13 23:16:10','2020-05-02 18:44:16'),(581,83,'116.203.131.184',12002,'71566699',9,'2011-05-26 07:40:23','2012-07-07 17:49:36'),(582,69,'173.144.252.38',8201,'288681',8,'2018-05-26 06:04:48','2017-11-01 06:41:31'),(583,90,'216.11.6.235',15642,'8243',6,'2017-03-11 10:55:51','2011-05-26 13:32:42'),(584,93,'216.32.117.107',11542,'43593083',16,'2013-07-17 04:20:42','2019-04-22 09:28:46'),(585,50,'45.139.229.2',26242,'596',4,'2011-05-16 01:53:17','2013-02-27 00:29:59'),(586,98,'194.63.237.72',4569,'2',9,'2015-08-13 09:28:46','2018-11-04 16:59:31'),(587,70,'54.191.74.236',27976,'505850',5,'2020-11-17 06:11:16','2020-04-28 06:24:38'),(588,2,'117.182.88.37',33812,'3985',17,'2017-02-20 01:54:17','2015-08-19 06:08:29'),(589,47,'23.12.42.228',5561,'182',14,'2016-09-08 15:19:53','2019-12-29 16:47:51'),(590,80,'125.120.172.5',8872,'57',1,'2018-10-16 07:53:50','2011-06-10 05:36:57'),(591,93,'154.193.191.72',2511,'398443194',8,'2015-06-25 20:40:24','2017-11-24 07:25:42'),(592,98,'53.42.87.1',5955,'403723100',18,'2014-09-08 00:09:38','2017-11-27 10:43:33'),(593,21,'196.114.180.157',1990,'236989927',20,'2016-06-13 09:39:54','2017-05-21 06:42:00'),(594,75,'238.148.198.56',10869,'8791956',6,'2016-06-08 14:58:18','2012-08-30 21:59:28'),(595,55,'183.30.207.241',34494,'520',10,'2020-01-09 16:55:21','2017-03-22 05:03:32'),(596,84,'27.24.26.241',11333,'8574475',16,'2019-08-12 05:16:23','2014-07-27 10:47:11'),(597,54,'213.188.207.166',9559,'13201559',18,'2018-01-26 07:07:19','2019-09-05 06:42:43'),(598,8,'171.94.236.117',17230,'658178282',18,'2014-11-14 23:37:26','2016-04-29 00:32:47'),(599,5,'168.132.45.37',22205,'271536681',1,'2019-01-05 11:54:13','2015-05-05 15:50:40'),(600,7,'38.32.34.29',15369,'25775',20,'2011-04-28 04:34:57','2018-11-23 07:52:47'),(601,70,'245.68.235.16',31265,'38410509',1,'2016-02-25 04:22:29','2020-04-08 16:26:32'),(602,71,'254.149.53.206',18871,'780614234',5,'2012-06-19 04:48:36','2020-12-08 19:34:33'),(603,29,'7.151.155.9',28227,'63',3,'2016-11-04 16:26:22','2013-10-09 17:02:28'),(604,60,'171.201.57.198',15393,'747256968',11,'2012-02-22 14:23:57','2014-05-31 06:38:36'),(605,61,'185.209.153.221',27875,'65505238',19,'2013-03-14 08:55:19','2015-05-06 08:01:25'),(606,99,'183.92.156.173',7521,'111198',14,'2012-03-12 18:27:22','2014-07-22 08:08:55'),(607,40,'171.128.208.67',12831,'2809397',3,'2015-05-14 16:50:25','2011-06-28 20:42:51'),(608,33,'126.50.5.42',8392,'8133720',5,'2013-02-25 09:28:10','2011-09-16 12:32:34'),(609,85,'125.72.182.202',32306,'5176531',20,'2015-04-03 05:35:04','2014-12-09 03:29:11'),(610,60,'85.28.204.168',22117,'5',12,'2019-09-29 06:16:28','2018-04-15 12:27:43'),(611,32,'163.204.200.255',7222,'7035429',8,'2019-04-15 07:24:27','2017-02-02 02:39:34'),(612,67,'168.152.177.94',31288,'449664',7,'2012-04-30 00:39:12','2020-07-30 02:30:32'),(613,99,'25.81.53.63',8575,'483835110',20,'2012-03-11 07:56:29','2017-06-13 07:12:04'),(614,86,'239.75.162.31',10359,'60',19,'2011-11-11 18:06:49','2016-10-16 12:10:57'),(615,65,'184.58.181.2',8817,'305',11,'2020-08-05 07:15:12','2013-11-26 22:36:37'),(616,89,'183.28.249.128',32960,'13',14,'2019-06-18 11:45:48','2018-06-23 06:01:28'),(617,33,'91.119.222.215',23919,'7165337',6,'2017-04-08 17:51:49','2017-12-17 03:14:42'),(618,5,'38.125.249.48',36473,'747593026',19,'2017-05-14 15:00:48','2020-06-09 01:40:25'),(619,47,'38.34.224.109',15447,'318204',17,'2015-11-02 18:44:06','2011-05-04 01:33:23'),(620,90,'25.217.42.8',8095,'9',2,'2016-10-22 11:53:20','2018-09-21 14:04:26'),(621,54,'234.225.215.223',10764,'669',6,'2020-12-18 00:50:52','2018-12-03 20:14:17'),(622,39,'207.94.247.35',27372,'1754',7,'2013-09-29 02:40:13','2015-01-20 13:47:26'),(623,90,'220.226.18.162',3490,'282364403',8,'2016-05-16 00:41:27','2019-08-22 08:31:21'),(624,66,'211.59.169.59',16780,'65',9,'2016-06-10 08:20:17','2017-01-17 08:11:29'),(625,23,'120.43.33.100',19482,'156784401',20,'2013-03-21 10:23:01','2020-10-10 13:10:01'),(626,3,'211.170.125.179',5790,'292950640',2,'2016-09-26 23:13:56','2012-05-04 14:02:22'),(627,52,'232.181.194.140',14462,'32036',14,'2015-07-30 16:41:55','2014-04-28 07:41:04'),(628,96,'134.3.125.46',30384,'633629158',4,'2011-06-13 17:46:05','2012-01-30 00:25:23'),(629,72,'0.215.248.74',31122,'66',1,'2011-09-08 03:26:12','2018-08-26 08:25:08'),(630,40,'48.155.36.229',11797,'360183927',13,'2012-07-07 14:02:35','2020-02-02 13:46:14'),(631,88,'11.40.9.18',8179,'6218512',14,'2013-10-01 02:26:51','2018-05-16 00:30:20'),(632,32,'26.14.213.35',20841,'713',19,'2020-03-21 21:00:43','2020-03-06 16:13:13'),(633,27,'64.170.133.50',10498,'15371608',20,'2011-12-25 16:28:34','2019-04-30 17:36:37'),(634,70,'4.9.209.76',3829,'2',16,'2016-01-25 20:31:00','2020-02-04 09:20:32'),(635,54,'239.161.141.194',6614,'84165105',15,'2014-08-06 21:22:58','2017-02-08 05:18:51'),(636,3,'253.8.123.55',21780,'409311290',18,'2013-04-09 13:12:54','2014-05-03 04:06:15'),(637,13,'18.190.236.145',14963,'517505',17,'2012-08-03 04:39:49','2012-10-01 02:23:54'),(638,37,'109.62.12.215',2726,'405',5,'2013-11-27 12:55:27','2014-03-21 17:50:30'),(639,74,'203.27.201.231',22304,'5',12,'2020-01-10 07:27:11','2016-12-13 12:56:52'),(640,56,'57.49.108.103',10631,'707510',4,'2018-08-06 16:12:26','2017-02-06 00:22:52'),(641,89,'85.165.48.201',419,'10',6,'2016-05-30 04:17:10','2018-03-18 18:38:46'),(642,23,'8.45.72.107',14387,'7024874',15,'2017-04-16 17:52:23','2011-07-15 20:28:16'),(643,79,'89.43.49.29',1942,'73095',10,'2014-10-02 04:57:31','2013-12-26 04:12:18'),(644,58,'189.126.72.24',5786,'924869',18,'2014-07-12 14:25:15','2012-01-23 00:47:38'),(645,90,'81.104.86.90',27835,'432881',14,'2017-09-16 12:26:04','2017-04-28 22:53:42'),(646,90,'135.44.238.136',38725,'863072',14,'2016-04-12 10:55:06','2011-05-21 18:36:19'),(647,34,'132.174.199.164',9054,'11',11,'2015-01-19 18:31:42','2020-10-19 19:38:43'),(648,95,'169.35.20.65',36219,'175',4,'2020-04-23 05:18:35','2012-05-18 03:05:52'),(649,6,'237.54.93.43',23217,'1939',6,'2014-10-31 03:20:57','2011-08-07 20:36:13'),(650,91,'158.91.150.69',25556,'645779128',10,'2020-12-05 22:19:58','2015-11-30 14:01:31'),(651,76,'65.52.67.217',7622,'450818',15,'2019-02-07 12:32:32','2019-10-20 12:14:46'),(652,41,'179.227.232.121',1888,'2012018',13,'2015-12-14 13:46:29','2020-04-21 15:13:23'),(653,11,'20.207.131.116',37723,'2682568',12,'2011-10-18 21:20:47','2014-06-23 10:51:28'),(654,65,'104.151.136.189',36007,'44951',10,'2012-11-18 15:48:29','2017-07-20 06:22:12'),(655,95,'31.119.54.49',12760,'4884663',18,'2011-09-29 20:43:50','2011-11-15 12:44:15'),(656,17,'123.130.108.124',7856,'50',7,'2019-03-13 00:34:26','2019-12-07 20:49:55'),(657,62,'112.68.212.60',12006,'53',13,'2016-09-23 07:52:35','2014-01-16 06:03:18'),(658,45,'62.167.91.48',15659,'426302',12,'2020-12-09 02:05:16','2014-05-16 01:53:13'),(659,57,'251.182.39.182',21403,'7',2,'2018-11-15 18:18:08','2015-10-18 19:26:27'),(660,37,'74.71.126.132',9879,'4733732',19,'2019-03-14 14:49:53','2019-08-15 07:02:31'),(661,11,'252.114.121.174',23261,'84604990',7,'2020-03-11 14:41:46','2013-04-07 13:05:14'),(662,46,'231.20.173.241',19252,'123',16,'2019-07-30 15:17:24','2014-03-23 19:54:38'),(663,78,'65.16.19.87',15897,'9744',13,'2020-05-07 22:22:09','2014-08-02 14:40:05'),(664,58,'72.17.113.14',21813,'44140519',14,'2014-05-06 19:51:26','2017-06-05 14:17:04'),(665,22,'211.81.12.175',21819,'381848',8,'2019-08-27 05:10:50','2014-12-28 14:10:24'),(666,60,'40.75.235.234',12930,'66',7,'2012-03-01 17:04:02','2012-04-16 05:20:39'),(667,44,'228.44.47.104',18644,'1906477',9,'2014-12-15 08:40:17','2019-01-06 12:40:20'),(668,21,'225.152.22.74',23955,'5657',14,'2016-05-18 18:07:42','2016-06-30 00:38:55'),(669,84,'154.178.23.125',27035,'1422882',16,'2016-10-30 15:14:43','2016-12-30 03:44:28'),(670,33,'146.50.237.90',16071,'70',10,'2019-05-01 03:46:25','2013-08-07 06:16:09'),(671,53,'153.135.80.70',21541,'84',15,'2018-08-23 17:26:41','2016-06-18 04:51:48'),(672,86,'231.150.75.229',6626,'3794',4,'2015-06-16 12:06:22','2015-11-09 11:25:39'),(673,49,'141.135.108.26',15499,'2960',2,'2014-06-28 18:45:57','2020-09-01 15:03:49'),(674,100,'168.100.3.152',18873,'63500',18,'2016-04-07 21:50:27','2012-03-06 23:47:35'),(675,80,'115.228.163.209',2412,'977572',16,'2015-07-16 14:23:11','2013-10-12 17:04:56'),(676,56,'87.255.106.186',6324,'3',2,'2020-07-03 19:13:08','2013-05-16 17:10:14'),(677,56,'188.34.140.251',21724,'70',4,'2015-01-11 05:57:52','2014-01-02 03:23:38'),(678,92,'109.253.85.148',28966,'214',13,'2020-04-18 11:04:27','2012-06-16 13:51:32'),(679,90,'249.204.245.21',33777,'38974',14,'2018-09-29 00:53:09','2019-07-28 11:57:12'),(680,21,'90.3.202.96',38239,'3',13,'2020-09-05 01:33:29','2013-08-23 06:51:33'),(681,4,'49.107.199.48',26187,'985062554',4,'2016-09-02 07:45:26','2020-06-02 18:51:44'),(682,97,'251.180.175.245',3618,'79390',4,'2014-07-26 00:26:43','2016-05-20 04:14:44'),(683,29,'49.189.7.143',25666,'82201896',15,'2014-02-06 17:52:54','2016-11-14 08:21:29'),(684,42,'26.55.156.234',30098,'721524977',7,'2013-03-06 19:06:14','2016-06-02 13:42:02'),(685,20,'26.90.1.44',4490,'963',13,'2012-10-28 17:03:45','2018-11-23 04:48:59'),(686,23,'202.57.154.95',36782,'7',13,'2020-02-18 04:13:04','2017-06-21 01:01:32'),(687,15,'121.14.5.134',31223,'639',19,'2015-06-26 22:11:04','2020-03-30 11:37:08'),(688,47,'230.108.43.145',36370,'8490',12,'2016-09-07 11:42:32','2012-05-06 13:48:34'),(689,43,'147.66.168.175',7819,'6',1,'2013-09-25 09:27:12','2014-01-01 13:04:09'),(690,100,'76.248.73.15',3126,'387877507',9,'2011-09-15 22:32:53','2016-02-07 10:41:30'),(691,63,'175.70.113.25',19814,'2735',3,'2016-07-27 00:31:39','2012-03-05 07:35:01'),(692,43,'200.82.180.65',26025,'50540282',8,'2014-12-11 15:07:36','2020-06-02 02:37:28'),(693,92,'192.150.244.142',13109,'5416683',11,'2019-09-02 10:02:03','2014-12-12 20:19:21'),(694,34,'164.136.68.49',10177,'329387',8,'2019-01-31 14:32:37','2019-04-09 20:51:09'),(695,97,'36.38.39.187',37258,'8677',17,'2020-06-18 16:02:46','2020-05-27 06:15:03'),(696,15,'25.44.15.63',21313,'598040116',8,'2014-10-14 02:44:17','2013-03-08 13:23:33'),(697,37,'96.96.96.57',33001,'520755',20,'2019-11-29 01:43:37','2018-11-09 19:52:08'),(698,20,'130.153.159.211',4276,'296',20,'2018-05-07 14:22:25','2013-05-03 02:15:30'),(699,2,'196.43.29.109',36532,'655748',8,'2018-01-05 04:12:09','2012-06-21 19:08:55'),(700,46,'215.225.189.25',27658,'83846910',5,'2020-03-09 17:10:37','2011-12-18 00:01:13'),(701,54,'47.203.62.49',14507,'12',19,'2017-08-14 05:26:07','2012-02-14 23:16:24'),(702,1,'200.79.123.187',28501,'6',12,'2019-12-23 22:47:51','2014-12-05 12:13:12'),(703,87,'106.56.95.185',10026,'47605702',18,'2013-04-04 17:20:58','2016-12-28 03:41:04'),(704,5,'241.41.168.255',15253,'75707706',13,'2016-01-30 14:56:51','2015-03-27 23:21:49'),(705,28,'83.235.120.70',31103,'399870',20,'2013-12-27 22:53:25','2014-08-09 07:34:00'),(706,56,'175.104.24.95',24804,'8393',14,'2013-10-07 12:30:39','2013-06-16 10:06:07'),(707,98,'25.136.39.203',5463,'556542',12,'2020-07-20 14:34:39','2015-01-11 04:22:17'),(708,36,'132.32.213.254',35169,'8110026',18,'2011-08-10 02:01:28','2017-04-19 17:48:17'),(709,81,'125.249.188.59',19070,'87',17,'2020-09-07 05:39:15','2015-11-28 05:50:57'),(710,28,'252.124.226.170',19770,'73',8,'2014-10-29 23:04:24','2012-01-16 19:48:08'),(711,55,'27.89.28.128',32526,'5401378',3,'2020-12-14 07:35:41','2018-09-05 21:36:02'),(712,82,'209.8.200.149',4602,'80497761',12,'2019-09-27 00:51:31','2018-10-11 23:07:05'),(713,74,'106.199.78.171',21703,'9117770',6,'2019-02-20 06:37:03','2011-05-29 11:07:43'),(714,59,'163.165.103.236',22077,'389368771',16,'2013-06-18 00:00:19','2017-12-12 06:59:10'),(715,33,'83.176.178.214',16333,'13620733',12,'2016-03-20 15:50:32','2013-05-05 15:01:50'),(716,37,'51.7.219.46',25738,'30',8,'2015-01-03 18:49:08','2013-11-14 23:45:01'),(717,82,'197.132.71.43',9474,'4705',8,'2011-11-17 07:35:32','2014-10-07 15:53:15'),(718,10,'110.38.12.18',31928,'90508',13,'2017-08-11 07:32:06','2013-04-25 10:12:08'),(719,10,'98.108.17.149',1081,'674528571',4,'2014-03-23 00:44:43','2017-08-01 12:16:46'),(720,12,'241.115.69.52',24704,'15',19,'2015-06-05 04:21:39','2020-10-04 02:23:35'),(721,17,'0.230.191.172',4386,'79106139',17,'2013-01-11 21:57:24','2015-03-27 18:00:50'),(722,74,'225.205.23.37',10674,'12',4,'2016-06-28 16:02:16','2016-01-14 08:21:47'),(723,89,'157.191.115.71',24415,'32',11,'2016-02-18 07:55:42','2017-11-29 11:42:58'),(724,17,'41.142.100.106',29009,'493158707',7,'2017-03-14 18:21:30','2016-09-29 17:41:49'),(725,37,'210.58.157.104',24328,'9267',10,'2018-11-29 23:53:57','2020-09-12 09:26:31'),(726,3,'159.167.65.119',17538,'12',7,'2018-11-26 18:27:37','2013-06-04 17:17:14'),(727,33,'6.138.248.242',28724,'8502',6,'2011-11-29 07:23:26','2015-12-18 03:30:39'),(728,90,'191.118.170.164',371,'168593',6,'2012-11-14 10:44:08','2015-07-10 21:10:57'),(729,9,'68.131.231.38',9856,'89432',14,'2011-07-12 14:40:32','2017-01-02 14:36:53'),(730,78,'138.152.0.161',17208,'61',2,'2020-10-09 02:46:30','2015-05-12 02:10:32'),(731,10,'251.103.173.86',16285,'57027',15,'2020-01-01 22:10:15','2019-11-03 02:07:29'),(732,40,'198.207.39.109',25821,'66446',2,'2018-10-30 00:11:06','2011-11-15 09:53:33'),(733,43,'83.9.120.162',35196,'8',9,'2012-08-07 05:05:59','2019-10-26 15:55:19'),(734,51,'130.157.96.17',22889,'463720383',4,'2018-12-07 21:57:16','2014-10-27 23:09:37'),(735,78,'171.39.37.238',1440,'3229813',9,'2015-02-05 06:57:48','2012-04-18 13:08:54'),(736,25,'105.95.64.239',11522,'4921632',7,'2019-01-28 19:20:30','2014-01-10 16:32:28'),(737,63,'249.156.205.0',2766,'668861119',7,'2013-05-03 14:48:46','2020-04-18 11:28:04'),(738,68,'1.144.207.34',31404,'69284114',13,'2016-09-18 03:00:56','2020-09-22 13:55:22'),(739,60,'115.65.251.233',21883,'483462',3,'2018-08-16 17:31:16','2013-10-12 07:15:38'),(740,92,'198.21.145.39',29058,'9356',6,'2018-08-11 04:28:25','2011-09-02 04:05:43'),(741,48,'160.149.70.41',6719,'1448838',1,'2018-09-02 19:16:49','2019-08-16 20:45:34'),(742,45,'227.125.234.184',32068,'733',20,'2019-04-13 20:51:51','2013-07-16 09:04:27'),(743,1,'167.175.170.154',6316,'826856',15,'2014-10-14 15:18:47','2019-12-31 17:26:16'),(744,28,'148.249.17.122',586,'3315727',20,'2020-03-10 08:11:15','2015-10-20 14:12:52'),(745,88,'240.65.47.236',10324,'689558',2,'2012-12-15 08:36:01','2016-06-11 04:31:34'),(746,29,'242.106.137.207',18300,'1790585',1,'2020-08-31 23:35:55','2013-08-25 06:26:44'),(747,44,'127.96.20.252',35388,'3',8,'2019-07-06 14:11:51','2014-06-10 03:42:22'),(748,41,'91.122.110.210',29431,'297519019',12,'2018-07-26 00:58:16','2020-06-04 22:09:43'),(749,74,'166.129.227.154',2333,'454',4,'2019-12-02 23:43:39','2013-12-16 12:21:11'),(750,29,'42.167.199.156',31731,'8970760',2,'2020-11-06 21:00:02','2015-09-15 13:28:52'),(751,52,'165.130.250.76',4483,'2',19,'2011-04-09 22:00:11','2015-06-08 23:50:10'),(752,9,'164.74.151.216',8516,'217698684',20,'2011-11-28 00:50:46','2018-02-24 13:39:07'),(753,10,'86.118.189.181',9673,'41275',3,'2013-03-09 16:16:21','2020-08-31 21:53:35'),(754,92,'15.110.48.184',28944,'9653233',3,'2015-06-02 08:02:33','2013-12-04 07:06:59'),(755,92,'34.156.194.43',38356,'4225',12,'2020-04-27 18:57:35','2011-06-25 13:59:59'),(756,63,'181.97.147.214',27789,'865907',15,'2013-09-25 12:25:52','2018-02-15 23:06:25'),(757,56,'144.250.150.30',32012,'389',16,'2015-03-11 00:49:45','2016-09-14 22:14:35'),(758,83,'186.252.10.148',36947,'60',19,'2016-10-07 12:32:48','2017-09-22 13:05:26'),(759,5,'59.143.246.174',36567,'5503',15,'2014-02-21 12:44:24','2019-07-02 16:23:58'),(760,91,'182.149.20.238',17237,'1408',7,'2014-12-24 19:28:20','2015-10-09 18:54:18'),(761,24,'167.45.139.81',15330,'344613',14,'2011-10-08 00:23:10','2011-04-17 18:07:45'),(762,59,'24.220.109.208',35799,'252240',7,'2013-10-08 01:54:24','2017-07-01 14:01:02'),(763,85,'206.187.14.126',12300,'50',14,'2011-03-02 05:19:17','2017-07-18 13:03:58'),(764,12,'97.132.105.119',2152,'46291',5,'2019-04-27 08:49:39','2012-05-09 21:16:03'),(765,65,'167.69.164.229',29046,'7398',17,'2018-12-20 20:01:01','2013-06-26 05:37:54'),(766,9,'17.52.50.223',18472,'36',19,'2015-06-04 00:59:09','2011-04-20 23:20:25'),(767,21,'98.63.252.110',14007,'7556',11,'2013-11-10 11:38:01','2015-11-12 10:40:16'),(768,22,'73.47.135.242',19245,'93842281',17,'2020-03-31 15:24:32','2017-06-20 00:17:57'),(769,15,'39.9.195.24',4576,'474822294',16,'2016-08-11 21:53:28','2020-05-19 13:25:43'),(770,20,'37.194.193.9',23054,'407551',1,'2015-02-18 10:25:33','2016-12-01 15:14:30'),(771,64,'220.179.94.196',37994,'99',5,'2011-12-31 23:34:25','2020-03-12 10:01:03'),(772,72,'199.143.125.212',32594,'96501204',9,'2016-04-01 12:29:26','2015-03-05 04:36:02'),(773,81,'37.53.0.243',27005,'9611726',7,'2016-06-08 15:54:50','2019-03-13 20:46:35'),(774,76,'84.164.162.125',5457,'63989',4,'2016-03-12 01:34:09','2019-07-21 14:56:13'),(775,33,'13.198.219.35',37087,'782797',11,'2016-08-03 11:21:13','2014-12-19 10:15:50'),(776,43,'31.125.117.174',9483,'758772584',12,'2015-06-18 20:31:05','2014-07-08 07:59:50'),(777,32,'82.45.210.2',25909,'6694',7,'2016-06-18 20:33:56','2013-11-17 06:14:11'),(778,88,'102.243.79.70',6597,'61058341',19,'2013-01-24 10:12:59','2011-07-13 07:41:49'),(779,29,'143.31.217.23',11737,'476',15,'2011-11-26 09:03:34','2020-08-02 21:49:39'),(780,91,'230.228.234.124',24965,'24114552',16,'2015-06-29 09:20:44','2013-08-18 02:37:21'),(781,12,'111.19.22.58',36855,'78521613',9,'2017-09-23 13:48:56','2011-04-07 18:21:31'),(782,63,'238.87.147.54',22380,'5779673',14,'2021-01-15 20:51:37','2016-09-09 15:46:08'),(783,52,'198.234.177.243',32854,'46551',8,'2018-04-19 06:09:10','2020-05-26 09:29:29'),(784,58,'203.164.48.34',19133,'49965',8,'2012-11-06 00:05:17','2018-01-28 09:30:53'),(785,97,'135.182.193.169',9853,'2172',6,'2018-04-19 14:34:56','2018-06-17 10:15:29'),(786,92,'73.21.100.93',23601,'1',7,'2015-01-19 08:04:03','2013-12-14 00:01:17'),(787,13,'212.11.138.227',12830,'7',9,'2017-01-04 13:11:12','2015-12-01 10:44:43'),(788,77,'132.100.56.185',15086,'891169',11,'2014-03-16 04:27:59','2011-09-13 14:49:51'),(789,59,'183.61.116.171',744,'36995',19,'2014-06-28 10:49:32','2020-10-04 08:36:08'),(790,95,'219.80.104.73',4262,'92621',10,'2020-05-02 06:46:55','2016-03-28 22:21:24'),(791,98,'172.131.182.110',12262,'3',9,'2018-01-31 01:15:18','2018-07-20 02:53:05'),(792,46,'89.26.159.225',31635,'586',17,'2015-02-06 21:27:58','2015-02-01 23:15:38'),(793,21,'7.254.240.114',18394,'424176861',12,'2016-05-02 21:07:39','2016-04-10 18:26:51'),(794,26,'73.127.222.206',11917,'2427',1,'2014-09-09 06:46:06','2018-12-14 09:33:42'),(795,86,'184.54.82.51',17095,'43',9,'2017-01-14 09:45:07','2017-09-09 20:49:13'),(796,54,'181.216.117.142',5613,'46',2,'2011-11-14 23:41:39','2016-12-21 02:24:57'),(797,64,'202.190.7.160',16335,'6',9,'2016-05-12 02:22:37','2014-07-30 13:22:20'),(798,87,'210.82.255.8',13226,'75',15,'2020-12-16 01:11:32','2012-02-03 02:38:10'),(799,28,'212.8.195.20',30678,'18753129',20,'2017-08-22 11:51:57','2020-07-12 06:32:53'),(800,73,'218.60.7.217',30825,'801',15,'2014-06-18 18:54:25','2020-11-10 10:35:07'),(801,42,'94.165.192.34',29297,'6462',3,'2014-08-21 20:51:02','2019-07-23 09:04:20'),(802,71,'252.76.202.92',16864,'82',12,'2018-12-22 17:10:52','2015-11-14 21:46:39'),(803,74,'206.12.138.110',24171,'789132',16,'2018-03-03 15:09:34','2014-10-07 04:03:52'),(804,94,'81.90.80.135',19768,'891378569',5,'2012-09-17 14:07:47','2017-08-21 09:49:23'),(805,73,'216.240.223.194',14605,'727',17,'2014-06-12 19:41:51','2020-09-02 00:43:10'),(806,12,'200.193.205.52',35215,'93515',4,'2017-06-01 12:39:04','2012-08-07 01:56:23'),(807,33,'50.208.170.17',4751,'2490',1,'2015-08-08 19:58:37','2017-10-30 05:04:35'),(808,88,'120.168.71.123',32979,'248573833',7,'2013-05-11 06:22:48','2011-10-02 01:50:17'),(809,57,'30.63.81.144',33821,'559143022',4,'2012-02-15 21:30:10','2017-06-27 01:57:45'),(810,63,'209.90.248.124',14417,'8366',13,'2015-05-13 03:56:07','2016-04-15 18:40:39'),(811,91,'7.161.137.45',17113,'186543196',14,'2014-12-05 14:50:06','2016-09-15 00:48:43'),(812,31,'51.249.3.26',20235,'7',7,'2017-12-10 13:10:50','2017-12-11 01:08:16'),(813,80,'206.198.36.120',37891,'401140309',17,'2013-12-29 08:30:06','2014-10-08 15:10:06'),(814,69,'197.231.2.71',35819,'66',7,'2011-12-09 16:20:24','2018-02-16 23:08:07'),(815,41,'171.55.95.194',3311,'5',18,'2020-04-10 10:49:01','2013-05-28 22:53:26'),(816,23,'11.45.35.46',33438,'851624',8,'2011-06-12 01:31:35','2012-06-29 09:26:48'),(817,33,'167.129.78.133',24786,'810',5,'2016-05-23 17:06:01','2011-02-27 08:27:18'),(818,59,'252.75.93.42',2600,'10405',11,'2020-12-08 02:02:49','2017-09-13 03:31:59'),(819,52,'52.123.141.139',33312,'2406897',1,'2013-05-20 05:01:49','2011-03-01 03:30:06'),(820,62,'34.191.58.135',38244,'77830465',9,'2019-09-11 13:54:55','2011-03-22 06:16:01'),(821,43,'235.30.48.101',25699,'2515576',13,'2012-04-24 22:40:38','2015-10-10 12:22:31'),(822,54,'215.117.230.203',34438,'3001492',17,'2012-11-26 17:16:18','2015-03-19 22:44:35'),(823,92,'157.84.143.172',33234,'7863',20,'2014-08-17 12:59:59','2019-03-29 11:47:57'),(824,81,'106.252.123.93',25516,'669',10,'2014-12-01 16:27:10','2012-04-17 19:26:55'),(825,86,'229.235.108.148',4210,'48799',7,'2011-09-16 18:04:26','2018-05-03 14:28:06'),(826,16,'136.123.80.218',16448,'5',19,'2019-07-15 07:01:17','2018-09-24 06:11:33'),(827,73,'73.145.130.76',27883,'458165',13,'2019-05-23 14:08:47','2018-04-08 09:16:16'),(828,51,'131.187.226.50',4379,'4',12,'2014-06-07 04:00:42','2014-03-28 06:44:18'),(829,81,'107.152.238.0',22761,'194794410',9,'2019-10-13 17:25:54','2011-10-19 06:34:22'),(830,51,'172.206.234.68',34158,'407',5,'2015-02-26 06:18:11','2014-08-24 12:25:52'),(831,87,'146.182.130.235',10498,'44888',6,'2015-04-13 19:07:10','2013-11-16 17:16:11'),(832,21,'228.115.184.240',17657,'191',6,'2013-09-26 13:03:04','2020-02-14 19:18:18'),(833,17,'255.74.84.39',9606,'97724154',8,'2011-06-14 00:51:10','2018-12-17 08:50:14'),(834,74,'65.131.41.113',15509,'21',11,'2017-01-28 21:34:36','2012-11-16 23:20:00'),(835,89,'195.102.16.101',7374,'2',8,'2012-12-10 22:06:36','2012-06-26 23:50:38'),(836,58,'219.125.114.250',29703,'180356',16,'2017-11-22 22:28:29','2013-11-22 12:35:59'),(837,93,'139.109.145.81',20473,'294786267',14,'2019-02-10 21:01:10','2020-03-13 15:08:31'),(838,57,'178.58.26.152',16231,'709325625',14,'2012-02-28 00:04:10','2012-09-02 21:21:37'),(839,97,'154.120.113.167',32697,'21665392',19,'2016-08-10 05:10:47','2012-01-13 20:51:42'),(840,68,'227.237.1.63',23174,'4',13,'2015-06-13 03:42:53','2013-05-30 08:26:05'),(841,80,'73.198.226.165',37330,'1615863',5,'2015-01-17 22:34:19','2017-12-31 21:01:06'),(842,54,'242.66.7.180',30505,'4',9,'2013-06-14 14:03:34','2019-09-26 18:06:53'),(843,76,'93.42.225.222',18426,'30214',14,'2017-01-25 16:45:37','2012-04-24 23:34:05'),(844,85,'240.113.57.206',23018,'22889862',12,'2020-10-15 09:51:20','2014-07-03 08:15:07'),(845,82,'103.175.199.97',31100,'3',8,'2013-04-26 05:33:23','2011-11-02 00:38:04'),(846,67,'54.115.116.117',9653,'5348064',6,'2020-05-29 07:01:22','2021-02-13 03:22:17'),(847,76,'204.87.115.32',27480,'7',13,'2017-02-24 10:53:40','2012-02-13 19:51:10'),(848,46,'95.42.25.172',13776,'95888',3,'2017-11-29 17:05:28','2012-05-22 18:53:11'),(849,85,'145.213.136.37',33333,'590',11,'2016-09-20 00:39:44','2017-03-15 04:32:13'),(850,82,'117.155.233.145',19133,'50',20,'2015-03-27 02:01:09','2019-12-18 18:56:10'),(851,93,'30.56.176.181',2780,'1535762',19,'2012-12-01 17:42:30','2018-01-12 22:10:50'),(852,30,'13.244.77.151',20396,'874478',20,'2018-01-04 04:55:22','2017-01-12 23:01:08'),(853,76,'129.101.50.133',10896,'4283314',19,'2014-05-27 20:06:41','2019-01-11 19:02:42'),(854,89,'50.1.8.153',28638,'16072165',13,'2014-07-05 15:06:41','2019-04-18 14:51:29'),(855,57,'101.166.3.143',2698,'9877859',9,'2016-02-19 14:58:48','2016-01-10 16:00:52'),(856,47,'78.53.56.145',35121,'3',11,'2018-07-25 15:16:18','2021-01-02 05:25:20'),(857,15,'18.244.102.30',1014,'19961',1,'2020-04-22 20:32:11','2020-08-16 20:48:44'),(858,99,'217.152.191.195',35345,'9242',17,'2019-05-25 22:02:21','2013-07-23 02:03:08'),(859,70,'202.38.252.208',7769,'89776',17,'2017-12-29 02:41:28','2020-03-17 01:56:41'),(860,93,'112.140.98.93',14296,'372563',5,'2013-07-23 18:04:18','2012-08-14 21:57:19'),(861,86,'2.251.63.25',37753,'84',17,'2011-05-03 22:51:19','2020-04-08 23:13:59'),(862,31,'245.34.247.53',16897,'69',16,'2017-12-10 04:40:50','2011-04-24 17:39:31'),(863,52,'39.205.81.68',21119,'4080865',5,'2017-10-22 12:31:00','2018-02-25 17:13:42'),(864,41,'94.250.68.158',15760,'4224',1,'2020-08-20 02:20:25','2012-08-28 04:56:40'),(865,72,'170.107.74.58',21101,'9',14,'2012-07-17 21:12:29','2014-06-22 05:39:33'),(866,67,'147.82.99.84',12271,'3057077',8,'2020-09-28 18:42:43','2011-07-10 22:35:29'),(867,58,'27.239.131.166',27610,'6',3,'2020-04-23 06:48:10','2017-01-08 00:45:30'),(868,9,'151.247.83.153',17916,'57',9,'2016-09-24 05:56:01','2016-05-27 06:07:49'),(869,35,'62.43.201.121',6655,'1644',4,'2018-06-04 18:35:03','2019-04-27 10:34:59'),(870,44,'199.18.197.83',37361,'6',5,'2017-10-18 10:10:26','2012-01-12 10:52:39'),(871,26,'79.189.205.181',27340,'5592',13,'2018-12-24 14:14:11','2015-07-29 03:51:05');
/*!40000 ALTER TABLE `media` ENABLE KEYS */;
UNLOCK TABLES;

--
-- Table structure for table `media_types`
--

DROP TABLE IF EXISTS `media_types`;
/*!40101 SET @saved_cs_client     = @@character_set_client */;
/*!50503 SET character_set_client = utf8mb4 */;
CREATE TABLE `media_types` (
  `id` int unsigned NOT NULL AUTO_INCREMENT COMMENT 'Идентификатор строки',
  `name` varchar(255) CHARACTER SET utf8mb4 COLLATE utf8mb4_unicode_ci NOT NULL COMMENT 'Название типа',
  `created_at` datetime DEFAULT CURRENT_TIMESTAMP COMMENT 'Время создания строки',
  `updated_at` datetime DEFAULT CURRENT_TIMESTAMP ON UPDATE CURRENT_TIMESTAMP COMMENT 'Время обновления строки',
  PRIMARY KEY (`id`),
  UNIQUE KEY `name` (`name`)
) ENGINE=InnoDB AUTO_INCREMENT=21 DEFAULT CHARSET=utf8mb4 COLLATE=utf8mb4_unicode_ci COMMENT='Типы медиафайлов';
/*!40101 SET character_set_client = @saved_cs_client */;

--
-- Dumping data for table `media_types`
--

LOCK TABLES `media_types` WRITE;
/*!40000 ALTER TABLE `media_types` DISABLE KEYS */;
INSERT INTO `media_types` VALUES (1,'perspiciatis','2020-09-21 04:54:59','2012-01-29 21:09:51'),(2,'architecto','2020-02-27 05:57:27','2012-05-13 12:59:45'),(3,'iusto','2020-10-12 10:20:17','2014-06-29 21:20:20'),(4,'possimus','2020-06-17 15:51:53','2013-06-12 17:05:32'),(5,'dolorum','2020-07-02 16:29:54','2015-09-13 17:40:08'),(6,'porro','2020-05-18 09:36:13','2011-03-27 22:45:46'),(7,'qui','2020-08-04 19:42:56','2016-07-04 21:00:24'),(8,'sit','2020-05-03 13:33:00','2014-12-27 04:27:15'),(9,'deserunt','2020-06-18 07:30:05','2013-04-12 12:01:11'),(10,'minus','2021-01-07 21:05:22','2014-10-16 21:22:42'),(11,'tenetur','2021-01-03 08:13:23','2019-09-20 08:51:01'),(12,'optio','2021-01-01 17:57:01','2018-03-09 05:10:38'),(13,'sapiente','2020-03-20 03:06:09','2013-04-07 19:20:10'),(14,'animi','2020-03-11 04:03:02','2014-01-02 23:56:15'),(15,'laboriosam','2020-10-30 20:38:00','2017-02-11 20:05:25'),(16,'magni','2021-02-11 14:56:20','2018-12-09 17:31:16'),(17,'rem','2020-12-21 16:31:50','2020-06-09 09:00:23'),(18,'accusamus','2020-05-24 04:14:46','2016-04-01 20:50:12'),(19,'accusantium','2021-01-27 12:00:40','2011-02-25 23:51:47'),(20,'blanditiis','2020-09-26 16:19:58','2011-08-31 03:28:42');
/*!40000 ALTER TABLE `media_types` ENABLE KEYS */;
UNLOCK TABLES;

--
-- Table structure for table `messages`
--

DROP TABLE IF EXISTS `messages`;
/*!40101 SET @saved_cs_client     = @@character_set_client */;
/*!50503 SET character_set_client = utf8mb4 */;
CREATE TABLE `messages` (
  `id` int unsigned NOT NULL AUTO_INCREMENT COMMENT 'Идентификатор строки',
  `from_user_id` int unsigned NOT NULL COMMENT 'Ссылка на отправителя сообщения',
  `to_user_id` int unsigned NOT NULL COMMENT 'Ссылка на получателя сообщения',
  `body` text CHARACTER SET utf8mb4 COLLATE utf8mb4_unicode_ci NOT NULL COMMENT 'Текст сообщения',
  `is_important` tinyint(1) DEFAULT NULL COMMENT 'Признак важности',
  `is_delivered` tinyint(1) DEFAULT NULL COMMENT 'Признак доставки',
  `created_at` datetime DEFAULT CURRENT_TIMESTAMP COMMENT 'Время создания строки',
  PRIMARY KEY (`id`)
) ENGINE=InnoDB AUTO_INCREMENT=101 DEFAULT CHARSET=utf8mb4 COLLATE=utf8mb4_unicode_ci COMMENT='Сообщения';
/*!40101 SET character_set_client = @saved_cs_client */;

--
-- Dumping data for table `messages`
--

LOCK TABLES `messages` WRITE;
/*!40000 ALTER TABLE `messages` DISABLE KEYS */;
INSERT INTO `messages` VALUES (1,86,95,'Nulla assumenda minima nulla sed ut. Optio quia est nemo quod dicta sed. Non qui laboriosam earum qui dolorem ducimus.',0,1,'2013-01-06 22:40:24'),(2,9,64,'Consequatur eum voluptatem consequatur. Cumque porro pariatur deserunt qui perferendis repudiandae id. Eaque maiores recusandae aspernatur.',0,1,'2017-02-13 16:17:27'),(3,65,92,'Voluptate rem est quo ea ipsum. Totam tempore provident inventore animi et voluptatem et. Voluptatem totam optio reiciendis rerum. Labore quo ut beatae qui dicta amet suscipit.',0,0,'2020-03-23 19:33:46'),(4,2,90,'Nostrum blanditiis maiores deserunt animi est. Laudantium velit facere et fugiat suscipit omnis beatae.',1,0,'2020-07-10 03:12:23'),(5,1,29,'Vel quos velit quisquam consequatur ut quos. Eius praesentium omnis officiis ullam est. Sint ullam nemo eveniet dolorum et laborum impedit. Soluta neque et adipisci.',0,1,'2020-06-17 08:53:41'),(6,100,39,'Ut corrupti sed et voluptatem sint. Dolorem dicta quia dolor error ut. Reprehenderit similique saepe praesentium voluptates voluptatem similique ut magni.',0,0,'2014-01-16 14:09:41'),(7,29,89,'Fuga eum voluptatem corrupti qui atque. Dolor saepe optio iure id. Voluptates reiciendis harum eos eaque error aut ea officiis. Recusandae distinctio ipsum earum explicabo iusto facilis quas.',0,0,'2014-04-27 01:27:53'),(8,5,97,'Vitae rerum quaerat neque aut minima. Et magnam in voluptatem nisi expedita. Magnam ex fugiat id quia nihil. Qui hic sint in vitae officiis hic.',0,1,'2015-07-28 12:21:45'),(9,90,32,'Necessitatibus aperiam quia adipisci hic voluptatem ab. Quam rem atque minus occaecati. Nulla repellat vitae et qui dolor.',1,1,'2015-07-29 12:09:47'),(10,74,90,'Quia laudantium occaecati totam laborum placeat nihil vero. Numquam est voluptatem quaerat dolore et est ut.',1,1,'2014-12-10 02:37:44'),(11,44,61,'Atque non eveniet maiores dicta dolore. Modi sint consectetur dolorem consequuntur. Voluptates qui amet est dolorem nam.',0,1,'2018-08-07 08:16:11'),(12,9,56,'Illo incidunt occaecati molestiae doloribus. Sunt debitis expedita earum et et ratione. Nemo quisquam qui velit tempora sed consequuntur sequi. Corrupti quis atque blanditiis consectetur doloremque.',0,1,'2012-07-21 06:49:36'),(13,59,24,'Et rerum rerum sit nihil. Quibusdam expedita et quis consequatur sit repellendus explicabo quisquam. Aut et consequatur iste nobis dignissimos eveniet.',1,1,'2017-04-24 22:56:40'),(14,20,58,'Optio odit atque nihil illo voluptates voluptatem quisquam sunt. Sed voluptas nesciunt omnis magni culpa magnam enim sit. Provident sit ratione minus dolorem.',0,0,'2015-01-15 18:36:08'),(15,67,38,'Cupiditate rerum aut corrupti quas. Eaque eos aut in neque illo. Ut officia repellendus autem rerum animi distinctio. Enim deleniti modi praesentium quia deserunt doloremque.',0,1,'2016-07-20 22:42:33'),(16,62,13,'Aut dolor laudantium nihil. Quibusdam ipsum qui voluptatum impedit rem molestias qui. Cumque est qui dolor.',1,1,'2019-10-15 17:22:52'),(17,25,30,'Rem eveniet aut et facilis culpa. Tempore labore at et laboriosam sint rerum.',1,1,'2020-11-10 06:45:08'),(18,65,18,'Aliquam doloribus aut quam dolor error. Iste sunt aut minima dolor sapiente non ut. Mollitia sit voluptas consectetur occaecati deserunt.',0,1,'2021-02-05 08:08:59'),(19,52,70,'Minima iste non voluptas aut rerum reiciendis. Suscipit laboriosam est architecto fugit. Sed quaerat voluptas omnis voluptatem quisquam aut.',1,0,'2012-07-07 13:41:14'),(20,28,33,'Adipisci unde nulla et fuga eaque. Dolores et nulla saepe eaque quis cupiditate. Sunt vel consequatur aut eum autem quo perspiciatis.',0,0,'2020-01-20 01:02:58'),(21,53,33,'Enim a aliquid quas dolor ut. Quia aut optio excepturi accusamus reiciendis recusandae. Et vel perspiciatis veritatis totam quae.',0,0,'2014-03-03 03:25:23'),(22,51,88,'Velit et porro ullam molestiae. Nisi exercitationem velit aut laboriosam eos laudantium.',1,0,'2019-06-19 05:31:34'),(23,35,18,'Aut ut quaerat quisquam enim. Ea ratione officiis harum est dolor. Ad vel perferendis quo possimus laboriosam quod.',1,1,'2019-03-05 05:29:26'),(24,58,70,'Eos aut odit qui vero rem. Quia expedita dolor quis dolorem nesciunt tempore qui. Expedita quia nesciunt est repudiandae quaerat tenetur facere tenetur.',1,1,'2015-12-31 18:33:55'),(25,30,66,'Nobis nisi dolor magni veniam. Illum tempore error ut id non. Minima facere provident est laboriosam voluptatum perspiciatis perferendis. Qui corrupti alias natus ab.',0,0,'2020-01-04 14:22:57'),(26,85,52,'Omnis cumque recusandae quia placeat et eum. Id nihil qui quae distinctio ad velit nemo. Deserunt aspernatur itaque iure impedit. Delectus et quam dolorum soluta ea ex dolor.',1,0,'2013-02-04 00:06:42'),(27,66,49,'Ea itaque corporis reprehenderit aut sunt rerum. Alias quo libero voluptates laboriosam. Deleniti voluptatum non enim eaque nulla temporibus.',1,1,'2011-10-12 05:38:48'),(28,49,52,'Quidem explicabo inventore ut quisquam repudiandae quod maxime. Sit vitae maiores quia minima molestiae. Assumenda modi maxime sint veritatis et quo incidunt. Ullam repellendus aut nostrum.',1,1,'2021-01-05 03:53:52'),(29,42,31,'Aut et similique tempora accusamus quas a. Non culpa eius similique. Incidunt aperiam et veniam magni quia.',1,1,'2016-05-15 09:07:13'),(30,15,91,'Quis dolor ad repudiandae expedita. Et sapiente laborum quibusdam ut. Consequuntur quis quis architecto beatae eligendi nihil dolores.',0,0,'2016-03-26 23:42:11'),(31,90,51,'Dolores fugit qui sit. Dolor et tempore doloribus aliquam dolores tempora deserunt. Soluta natus et autem et sunt. Nulla est fuga quia doloribus voluptatum labore doloribus.',1,1,'2013-06-11 14:56:44'),(32,6,56,'Voluptatem molestias vel deleniti quas accusamus est vitae. Vel explicabo rerum illo rerum velit. Autem odio aut voluptate et. Velit distinctio iste quasi qui animi.',1,0,'2014-07-26 13:30:13'),(33,22,95,'Nulla at enim adipisci aperiam nesciunt natus. Quia voluptatem ullam odit et vel et. Quae corrupti ratione saepe quo ut voluptatem explicabo.',1,0,'2017-08-20 22:57:15'),(34,42,90,'Esse est nihil quaerat minus ea. Omnis nisi ut quisquam soluta voluptate ut libero iusto. Tempora modi molestias aut. Quo recusandae sequi quia adipisci in.',0,1,'2017-05-29 19:22:32'),(35,69,20,'Vel explicabo maxime a ut. Ducimus tenetur voluptatem reprehenderit porro. Eveniet repellat quia quod itaque deleniti molestias fuga impedit. Inventore nobis earum soluta quo molestiae.',1,0,'2014-02-11 11:59:05'),(36,83,54,'Odio ullam voluptatem in. Nam voluptates debitis eos rerum sapiente officia quos nemo. Dolor nihil laboriosam rem nemo odio occaecati.',0,1,'2017-08-28 17:54:23'),(37,45,67,'Qui et quis aspernatur sed maiores a. Sed libero iste eum provident. Assumenda rerum enim consequatur iusto eaque. Cupiditate non aut et laudantium eos sequi. Quae illo qui qui commodi nihil.',0,1,'2020-04-10 09:11:21'),(38,15,100,'Quos molestiae quisquam laboriosam voluptatum ea inventore. Ullam optio qui itaque dicta. Aut doloremque libero molestiae in consequatur cum.',1,0,'2018-05-15 20:17:44'),(39,62,68,'Nihil at accusamus voluptatem perferendis alias. Et illum error eum facilis delectus fugiat.',1,1,'2016-09-14 07:56:10'),(40,87,63,'Sed exercitationem itaque est voluptatum nesciunt voluptates. Ut ratione ratione nobis alias tenetur asperiores ut. Fugit est enim labore et pariatur. Et culpa dolorem quis et.',0,0,'2017-01-18 14:17:03'),(41,64,95,'Expedita non natus sit asperiores eligendi perspiciatis et. Libero dolor ut officiis amet dolores enim. Occaecati asperiores consequatur blanditiis maiores et in.',0,1,'2012-06-29 21:58:25'),(42,29,80,'Ex consectetur fugiat dolores nulla deleniti vel voluptas. Nulla qui praesentium sed quia. Dolor nulla fugiat soluta facere ut magni perspiciatis. Perferendis consequuntur rerum pariatur quidem.',1,0,'2017-09-07 23:21:09'),(43,83,60,'Suscipit aliquid qui ut itaque nam non accusamus. Asperiores fugiat tempora error sapiente. Voluptas cupiditate aut porro.',1,0,'2012-02-12 09:49:55'),(44,37,61,'Hic eius eveniet cupiditate porro. Quia numquam velit harum molestiae consequatur qui suscipit. Sed veritatis qui fuga ad.',0,1,'2018-07-03 10:26:41'),(45,20,34,'Ut incidunt et illum. Ab rem fugit laborum incidunt esse. Quia vel dolor qui non sit repellat. Vel quas debitis officiis eveniet consequatur eveniet qui.',1,0,'2017-08-31 07:48:53'),(46,65,67,'Et voluptatum soluta voluptatem rerum reiciendis porro natus. Nihil cupiditate enim sint ipsam soluta sint fugit. Doloremque et qui vel dolore impedit reiciendis.',1,0,'2011-05-15 01:36:26'),(47,8,97,'Maiores voluptate voluptas error eligendi sint. Quibusdam dolor nobis error quod doloremque velit error. Voluptatum libero provident sint exercitationem fugiat.',1,1,'2021-01-03 08:17:10'),(48,89,70,'Repellat iure delectus et tenetur voluptatibus. Distinctio voluptas deleniti quisquam et ipsam. Consequatur voluptatem ut voluptas. Mollitia facilis omnis sint a corporis nobis.',1,1,'2016-03-19 14:33:43'),(49,24,36,'Maxime et fugiat praesentium pariatur asperiores corrupti. Quae eum voluptatem nisi et harum quod. Rem nostrum quidem optio neque. Amet rerum voluptates pariatur et.',1,0,'2018-05-10 18:16:50'),(50,80,20,'Ipsam sint nam neque distinctio est. Vel ullam eveniet mollitia consectetur qui sunt.\nQui illo consequatur sit eum unde inventore. Magni possimus qui omnis dolore. Et ut esse magnam omnis quis.',1,0,'2015-04-18 04:42:36'),(51,64,7,'Unde ea dignissimos tenetur consequatur. Eum doloremque magnam aut et eos ullam. Eligendi ut minus et aut et sed. Sed alias ut quis officia pariatur aut consequatur.',0,1,'2020-09-21 05:48:14'),(52,5,28,'Tenetur non autem exercitationem vel aperiam. Modi reiciendis cum recusandae voluptas quia provident. Doloribus expedita quo soluta itaque reprehenderit quidem molestiae.',0,0,'2014-11-24 19:18:42'),(53,70,44,'Inventore voluptate alias magnam dolorem vitae aspernatur qui. Aut commodi optio eos rerum velit quam. Eveniet cupiditate omnis voluptate et tenetur possimus.',0,0,'2016-07-02 01:53:57'),(54,91,23,'Est dolorem eligendi non eos quisquam. Ipsum dicta dolore expedita non.',0,0,'2013-09-10 01:16:36'),(55,43,79,'Vero error mollitia qui similique perspiciatis. Corrupti sint ad ipsa labore et est fugit.',0,1,'2012-01-12 02:56:09'),(56,42,49,'Iste eum aliquam commodi mollitia. Esse sunt qui qui nemo sequi beatae dolore perferendis. Saepe occaecati alias in. Ipsum quis dolor ea.',0,0,'2018-11-23 13:08:12'),(57,21,39,'Nulla ut debitis sequi dolor aut et quia. A cumque quia laborum magnam. Debitis sit reprehenderit numquam. Aliquam molestiae exercitationem nobis dolore eum doloremque beatae.',1,0,'2019-07-22 18:33:43'),(58,83,56,'Minima qui eaque voluptatibus harum. Velit est explicabo perspiciatis aspernatur possimus. Hic rerum aut corrupti et.',1,1,'2018-10-01 11:36:34'),(59,96,90,'Non omnis aperiam animi veritatis magnam libero nam. Voluptatibus repellendus placeat explicabo nisi. Natus natus et dolores earum sed.',0,0,'2014-02-16 09:47:04'),(60,84,93,'Aut eius alias optio quia quaerat aperiam. Aut ex dolorum nam ab aliquam odit eos. Mollitia voluptatem optio magni quia voluptas maxime. Architecto itaque consequatur consectetur pariatur.',0,1,'2019-12-15 17:45:14'),(61,100,46,'Provident qui dolores error vel similique ea quam. Aut et voluptate consectetur. Quasi harum omnis et voluptate autem dolorem qui.',1,1,'2011-10-24 03:33:21'),(62,65,79,'Maiores dicta dolorum placeat temporibus est quibusdam. Itaque aliquam deserunt reprehenderit et. Cupiditate dicta quia incidunt. Dolor sunt laboriosam nulla sunt aut.',1,0,'2016-05-03 10:31:58'),(63,84,30,'Qui placeat ipsam animi repellat voluptate perspiciatis exercitationem. Id eveniet et sint dolorem non nobis esse. Velit ut voluptatum dolorem sed odit neque.',1,1,'2019-06-07 01:12:53'),(64,7,25,'Ex aspernatur voluptates beatae. Nesciunt blanditiis voluptatem ex et cum. Beatae dolores et necessitatibus. Voluptate quibusdam expedita odit.',0,0,'2013-12-30 07:17:49'),(65,100,46,'Ut ullam ducimus et et possimus similique laudantium odit. Et provident sit dolore aut. Ut esse et impedit quia commodi similique ipsum sequi. Perferendis provident odit et ut alias.',1,0,'2020-03-05 00:52:29'),(66,95,45,'Sed non labore eveniet quis animi. Cumque ut quisquam modi qui. Quidem asperiores tempora sed veritatis minima omnis minus. Dolore cumque et modi iure.',0,0,'2017-04-07 18:40:39'),(67,27,6,'Inventore tempore quas aut. Fuga est eveniet sunt non ut minus nihil. Ut facilis aut qui alias.',1,1,'2014-05-20 08:15:07'),(68,19,89,'Cupiditate totam eum veritatis aut eos minima. Consequatur velit nisi praesentium ea voluptas soluta.',1,1,'2014-06-17 07:11:11'),(69,57,31,'Qui tempore odit qui provident corporis perferendis. Hic molestiae amet facilis corrupti dolore sed ipsam. Voluptatem aut assumenda deserunt numquam.',1,0,'2014-10-03 21:45:54'),(70,71,1,'Alias et voluptatem in excepturi voluptas neque. Rerum vitae culpa reiciendis voluptas vel quam accusantium. Dolorum dolores cupiditate ipsam aliquid. Officiis omnis eum facere eaque distinctio.',0,1,'2014-01-08 03:37:42'),(71,66,47,'Laboriosam officia aspernatur ratione quibusdam ut assumenda. Est voluptates delectus ab est eveniet asperiores molestias. Consequuntur corrupti quia consectetur quod itaque delectus.',1,0,'2011-07-15 20:59:49'),(72,19,85,'Rerum aut repudiandae nostrum dicta id labore. Aliquam optio aut non dolorem. Id doloremque vel voluptatem optio veniam. Delectus et deleniti est.',1,1,'2014-04-18 20:54:38'),(73,88,28,'Aliquam culpa praesentium qui amet qui et quia dicta. Amet optio sit temporibus quaerat. Sint dolorum id eligendi dolor dolorum. Ullam perspiciatis hic et quia unde qui.',1,0,'2016-11-16 11:35:23'),(74,2,71,'Enim aut distinctio dolorem accusantium. Quaerat rerum commodi architecto ullam. Excepturi tempore tempora omnis numquam odio. Qui praesentium voluptate beatae molestiae.',0,0,'2014-05-20 06:14:41'),(75,33,100,'Nemo et ut incidunt maxime. Earum officiis odit ullam et fugit assumenda. Nesciunt aliquid consequatur esse veritatis aspernatur consequuntur perferendis voluptates.',0,0,'2012-12-25 21:48:18'),(76,96,27,'Temporibus fuga sit error. Sequi aut quod deserunt. Laboriosam vel nemo illum quia eius. Amet fugit nihil dolor eos est doloribus.',1,0,'2011-10-28 09:56:07'),(77,84,39,'Et omnis consequatur sint dolorum. Sequi labore dignissimos quisquam rerum cum fugit occaecati.',1,1,'2013-05-27 13:43:48'),(78,56,84,'Qui fugiat reprehenderit velit nihil voluptas perferendis aut. Molestiae nemo sunt a velit nesciunt. Eum laudantium iusto voluptatem qui distinctio aut. Asperiores maxime est quos laborum.',0,1,'2020-08-02 03:03:51'),(79,82,62,'Cupiditate quidem repellat temporibus quod. Aliquam et amet sequi non voluptatem. Voluptates nesciunt repudiandae ex quod.',0,0,'2012-08-30 03:33:51'),(80,11,43,'Ex voluptas optio quas sint reprehenderit. Itaque quasi doloremque fugit qui. Nisi repudiandae assumenda sunt rerum sapiente quis.',0,0,'2014-06-21 11:35:48'),(81,67,30,'Iste earum distinctio dolor ipsam exercitationem repudiandae. Sequi voluptate corporis tempore laborum qui. Culpa eum quo voluptate. Nemo aut quis quibusdam expedita autem omnis quibusdam.',1,1,'2019-05-01 05:22:12'),(82,27,92,'Ducimus similique rem nostrum at eligendi voluptatem maxime. Dolores ut aperiam suscipit alias. Voluptates perferendis neque quia dolores dolorem et sit.',0,0,'2012-07-16 16:58:29'),(83,8,56,'Quibusdam necessitatibus ipsa sequi dolorum veniam rerum sed. Doloribus exercitationem expedita officiis id consequatur et.',0,1,'2016-02-08 13:24:06'),(84,36,86,'Perferendis voluptate dicta illo. Enim dolores aliquam similique sed soluta in voluptates. Ut itaque quia autem dolor quis.',0,1,'2012-12-01 19:17:52'),(85,44,37,'Similique perspiciatis pariatur doloremque autem porro est. Exercitationem quasi debitis aut velit ut consectetur explicabo at. Ut ut id assumenda.',0,0,'2014-03-30 18:22:55'),(86,24,30,'Sunt cum corporis dolorem beatae. Impedit autem labore quidem aut magnam optio veritatis.',0,0,'2012-11-30 11:38:50'),(87,19,15,'Quis id est qui. Laborum consectetur mollitia sapiente minima eos reprehenderit. Illum ad qui aut eveniet laboriosam et enim. Vel earum et et qui.',0,0,'2019-04-20 20:53:20'),(88,23,40,'Ipsam corrupti quia eaque doloremque libero ea eaque. Quasi repellendus ut sint enim quam sit illum.\nQui aut est qui rerum ut molestias. Sint veniam distinctio exercitationem possimus doloribus.',1,0,'2020-05-15 12:34:54'),(89,34,88,'Omnis incidunt sed soluta debitis excepturi voluptates eius. Rem et laboriosam hic odit et iste dolores. Maxime asperiores exercitationem maxime. Sit natus velit id alias reiciendis harum.',1,0,'2014-08-01 04:38:24'),(90,16,55,'Magni maxime sequi dicta qui reprehenderit incidunt. Rerum optio minima voluptatum quia doloremque. Eum sunt et dolorem quibusdam reprehenderit. Dolorem tempore qui repellat maxime temporibus ad.',0,1,'2013-02-06 19:28:52'),(91,17,77,'Sunt quia harum similique placeat et id quis. Est inventore aut itaque amet sit nam quos. Voluptatem dicta et est mollitia dolorem autem impedit.',0,1,'2021-02-09 05:17:45'),(92,35,8,'Quos dolorem magni dicta temporibus sed et alias. Incidunt maiores impedit et odio quae. Sit voluptas voluptatem consequatur maxime a facere repellat. Officiis ut impedit et consectetur eius.',0,0,'2016-10-04 17:17:39'),(93,36,23,'Quis nesciunt facere molestias consequatur. Vero ducimus voluptate consequatur est. Itaque similique ratione autem excepturi voluptates.',0,0,'2019-09-29 16:21:28'),(94,82,23,'Veritatis quae aperiam odio iusto est quibusdam. Aut consequatur consequatur est blanditiis nostrum. Natus recusandae numquam at illum ullam dignissimos expedita.',1,0,'2011-10-24 15:00:16'),(95,80,20,'Autem voluptatem est dolor non. Architecto laboriosam facilis cum.',1,0,'2020-12-09 16:03:46'),(96,18,69,'Distinctio veritatis similique sint consectetur. Ratione commodi et iure placeat ipsa soluta. Culpa quo nisi est. Quasi corporis odio quo quisquam saepe similique non omnis.',0,0,'2018-10-06 20:28:28'),(97,32,48,'Voluptas ea autem neque illum. Laboriosam veniam culpa impedit iure minima et. Minus aut saepe quis nisi eius odio.',0,0,'2015-09-04 09:40:49'),(98,66,84,'Laborum nesciunt dolorum molestiae consectetur. Est sed maiores quisquam. Vero recusandae debitis officiis nobis sit provident et quisquam. Ex nobis omnis dicta quo omnis vel quaerat.',0,0,'2017-09-05 13:43:07'),(99,68,31,'Officiis quod voluptatem et commodi. Ab et facere et. Odio ducimus mollitia voluptas accusantium sit.',0,1,'2014-05-22 09:47:49'),(100,45,79,'Temporibus ut quisquam cupiditate consectetur a quam. Atque odit nihil aliquid vitae voluptate harum eos. Et vero ea nesciunt aut sit inventore. Cumque optio corrupti laboriosam ut.',0,0,'2011-04-11 12:23:48');
/*!40000 ALTER TABLE `messages` ENABLE KEYS */;
UNLOCK TABLES;

--
-- Table structure for table `profiles`
--

DROP TABLE IF EXISTS `profiles`;
/*!40101 SET @saved_cs_client     = @@character_set_client */;
/*!50503 SET character_set_client = utf8mb4 */;
CREATE TABLE `profiles` (
  `user_id` int unsigned NOT NULL COMMENT 'Ссылка на пользователя',
  `gender` char(1) CHARACTER SET utf8mb4 COLLATE utf8mb4_unicode_ci NOT NULL COMMENT 'Пол',
  `birthday` date DEFAULT NULL COMMENT 'Дата рождения',
  `city` varchar(130) CHARACTER SET utf8mb4 COLLATE utf8mb4_unicode_ci DEFAULT NULL COMMENT 'Город проживания',
  `country` varchar(130) CHARACTER SET utf8mb4 COLLATE utf8mb4_unicode_ci DEFAULT NULL COMMENT 'Страна проживания',
  `last_login` datetime DEFAULT NULL COMMENT 'Последний вход в систему',
  `created_at` datetime DEFAULT CURRENT_TIMESTAMP COMMENT 'Время создания строки',
  `updated_at` datetime DEFAULT CURRENT_TIMESTAMP ON UPDATE CURRENT_TIMESTAMP COMMENT 'Время обновления строки',
  PRIMARY KEY (`user_id`)
) ENGINE=InnoDB DEFAULT CHARSET=utf8mb4 COLLATE=utf8mb4_unicode_ci COMMENT='Профили';
/*!40101 SET character_set_client = @saved_cs_client */;

--
-- Dumping data for table `profiles`
--

LOCK TABLES `profiles` WRITE;
/*!40000 ALTER TABLE `profiles` DISABLE KEYS */;
INSERT INTO `profiles` VALUES (1,'c','2006-08-12','North Monroe','Solomon Islands','2020-07-26 12:25:03','2016-01-11 12:01:12','2013-08-14 00:26:44'),(2,'a','1978-08-23','South Yesseniaburgh','Bhutan','2020-04-15 19:06:54','2012-05-14 13:59:52','2014-11-18 02:31:23'),(3,'b','2002-08-15','Port Kristoffer','Guatemala','2021-01-29 14:15:21','2015-05-08 11:59:43','2019-10-27 17:48:09'),(4,'c','2012-12-14','Kuhnview','Oman','2020-03-02 14:24:03','2017-07-21 05:37:03','2011-05-08 06:32:16'),(5,'a','1990-05-24','Darenshire','Cook Islands','2021-02-03 17:47:24','2011-08-07 11:28:16','2017-10-02 12:11:35'),(6,'b','2015-03-25','East Marchaven','Moldova','2020-06-23 08:56:17','2015-10-12 23:25:24','2015-08-06 17:49:25'),(7,'b','1974-01-09','Millston','Macedonia','2020-06-22 07:04:03','2014-05-31 10:34:10','2017-10-06 02:12:14'),(8,'c','1974-06-09','North Issac','Indonesia','2020-06-06 10:09:21','2016-01-10 15:07:47','2020-04-02 12:17:21'),(9,'c','1974-04-06','Port Melvina','Trinidad and Tobago','2020-10-26 13:18:33','2013-01-09 20:22:34','2013-07-07 01:09:14'),(10,'b','1984-10-30','Queenside','Sweden','2020-11-25 00:50:54','2018-07-20 23:01:32','2017-12-01 10:26:33'),(11,'b','1986-01-23','Lake Gailchester','Cocos (Keeling) Islands','2020-04-14 02:15:45','2014-09-17 12:50:37','2013-04-23 03:51:00'),(12,'a','1976-09-21','Abagailberg','Wallis and Futuna','2020-05-07 20:50:14','2019-11-01 07:46:38','2020-06-26 03:41:40'),(13,'c','1974-08-29','Earnestinehaven','Norfolk Island','2020-08-10 13:44:42','2014-04-23 22:04:42','2020-12-10 20:47:01'),(14,'c','1973-01-31','Lonnyside','Dominican Republic','2020-11-16 21:02:24','2012-09-02 19:48:11','2015-10-19 10:09:50'),(15,'a','1985-07-19','Marianamouth','Switzerland','2020-06-24 00:44:30','2011-04-12 20:28:35','2019-03-20 05:46:07'),(16,'a','1973-09-19','Millstown','Hong Kong','2020-08-28 06:01:40','2013-07-07 08:30:04','2019-11-28 09:33:01'),(17,'a','2006-08-22','Vonhaven','Isle of Man','2021-01-06 14:22:04','2019-04-27 23:48:45','2016-01-11 08:58:09'),(18,'c','2004-12-20','Adeliafort','Dominican Republic','2020-06-27 04:21:22','2020-10-01 03:02:14','2013-10-17 09:27:13'),(19,'b','1993-10-31','Glovershire','Qatar','2021-01-12 22:13:39','2020-02-22 09:10:18','2019-01-28 06:09:49'),(20,'a','2008-03-20','Lake Kasandrahaven','Haiti','2020-07-15 17:48:10','2017-07-23 01:06:38','2014-04-27 07:59:15'),(21,'c','1996-06-09','Adeliaside','Cayman Islands','2020-12-19 21:35:48','2014-02-21 08:41:12','2015-01-05 05:44:20'),(22,'c','1978-07-22','Rickystad','New Caledonia','2020-11-12 07:12:43','2016-12-05 07:19:09','2016-07-30 23:36:06'),(23,'a','1975-12-05','North Margret','Tanzania','2020-12-16 19:06:56','2018-01-18 18:46:51','2014-11-01 16:11:33'),(24,'b','2021-01-10','Mohrborough','Chile','2020-07-27 16:27:12','2014-12-14 08:31:12','2018-10-13 17:58:12'),(25,'a','1981-05-17','Kozeybury','Bahamas','2020-10-15 11:48:51','2018-03-22 12:07:22','2015-05-30 06:02:02'),(26,'b','1996-09-26','Celestineport','United States Virgin Islands','2020-07-06 07:57:17','2016-08-11 11:00:26','2020-08-06 15:11:36'),(27,'a','1975-10-20','Port Sherwoodstad','Cocos (Keeling) Islands','2021-01-18 14:59:41','2018-02-01 10:28:32','2018-12-18 21:32:05'),(28,'c','1996-08-05','North Raphaelland','Saint Lucia','2020-04-24 09:54:21','2011-09-14 09:41:13','2020-11-22 20:23:51'),(29,'c','1998-01-27','North Lamarhaven','Mongolia','2020-04-28 01:22:31','2017-08-26 15:26:35','2012-05-13 23:14:16'),(30,'a','1976-04-26','Schmidthaven','Panama','2020-07-16 12:20:52','2017-11-04 16:58:56','2019-10-31 07:34:33'),(31,'a','1995-11-19','West Demario','Syrian Arab Republic','2020-03-18 08:13:06','2016-05-26 19:57:25','2011-03-07 13:59:45'),(32,'b','1982-10-07','Hicklemouth','Greenland','2021-01-01 15:39:25','2019-08-31 17:07:08','2018-06-04 01:24:03'),(33,'b','1979-08-15','East Lauretta','Isle of Man','2020-03-09 06:00:08','2020-01-09 14:35:46','2014-01-06 10:30:47'),(34,'b','1981-09-29','Adrienchester','Gambia','2020-09-14 03:43:40','2020-06-19 13:29:23','2013-11-22 01:59:42'),(35,'b','2003-12-15','Rosendoborough','Barbados','2020-10-26 02:22:18','2016-01-21 12:42:45','2016-10-14 16:04:13'),(36,'b','1980-05-03','South Alexanebury','Yemen','2021-01-22 17:04:00','2015-10-31 23:48:21','2011-10-18 23:59:22'),(37,'a','1990-09-02','Camilleton','Turkmenistan','2020-02-22 19:44:07','2013-03-01 23:24:08','2012-08-28 13:47:35'),(38,'a','1985-05-01','South Anitaport','Pitcairn Islands','2021-02-18 23:51:25','2014-05-30 16:06:06','2012-06-07 11:47:37'),(39,'a','1985-12-02','Sincereburgh','Yemen','2020-10-29 20:52:23','2012-11-10 14:37:50','2013-04-17 07:18:28'),(40,'b','1986-02-17','Kossfort','Guyana','2020-05-31 12:50:50','2014-06-06 06:29:48','2020-07-04 03:02:44'),(41,'c','1984-10-23','Amirahaven','Peru','2020-07-25 11:33:12','2013-05-06 22:47:24','2015-07-06 06:35:32'),(42,'b','2018-12-26','Ressieborough','Greece','2020-07-10 23:50:14','2015-12-27 18:59:29','2011-09-12 07:33:04'),(43,'a','1983-08-21','Otisstad','Saudi Arabia','2020-10-22 15:40:04','2017-08-15 19:08:01','2014-08-11 16:05:16'),(44,'b','1992-09-06','Lakinchester','Lithuania','2020-10-15 11:00:05','2015-03-31 04:42:03','2012-07-07 16:51:12'),(45,'b','1999-02-15','Raystad','French Guiana','2020-08-11 17:31:05','2011-05-03 04:50:31','2016-11-28 13:59:49'),(46,'a','1993-02-23','Haleystad','Iran','2020-07-06 09:33:16','2017-08-08 22:22:08','2011-09-04 10:06:56'),(47,'c','1988-08-14','Cletaland','Reunion','2020-06-16 19:04:04','2018-07-27 21:48:36','2017-07-20 10:38:19'),(48,'c','2001-05-17','East Celine','Italy','2020-04-02 01:14:39','2018-08-27 00:06:27','2012-08-14 13:49:41'),(49,'c','1987-05-18','East Camilaland','Slovenia','2020-06-27 19:56:26','2016-02-15 06:44:07','2015-09-17 10:56:25'),(50,'b','1993-03-26','Port Adrienne','Singapore','2020-05-23 04:17:39','2012-01-24 19:17:22','2018-01-09 05:51:03'),(51,'b','2017-12-24','Lake Kendallbury','Holy See (Vatican City State)','2020-05-21 15:23:45','2020-04-17 15:06:00','2014-11-23 20:51:04'),(52,'c','2018-09-14','West Karson','Tokelau','2020-02-22 06:52:17','2015-03-15 17:43:43','2021-02-05 14:11:00'),(53,'c','2012-10-01','Port Kale','Faroe Islands','2020-08-21 12:48:15','2016-08-22 18:23:08','2014-12-30 19:27:23'),(54,'a','1999-05-10','New Rudyberg','Netherlands','2020-11-22 05:45:23','2015-01-14 19:12:33','2016-05-01 12:59:02'),(55,'a','2008-05-02','Lake Antwonport','Liechtenstein','2020-11-29 20:59:01','2018-02-04 19:00:40','2016-11-11 22:19:43'),(56,'c','1988-06-07','Blandaborough','New Caledonia','2020-08-10 02:03:35','2013-10-04 12:34:08','2020-09-11 04:27:39'),(57,'c','1995-09-08','Port Taylor','Canada','2020-02-26 14:55:52','2020-03-03 03:21:49','2019-09-10 04:35:31'),(58,'c','2014-01-25','Port Dion','British Virgin Islands','2020-02-26 16:16:46','2020-07-11 18:12:40','2014-02-10 04:37:41'),(59,'c','2016-05-02','New Jarredside','Oman','2020-12-17 17:51:20','2018-07-22 13:35:22','2018-04-09 20:48:54'),(60,'c','1999-07-08','Lake Everetthaven','Zambia','2020-02-26 01:13:38','2018-04-02 14:40:15','2020-02-12 01:33:52'),(61,'b','2000-01-05','Lake Magalistad','Italy','2020-11-03 12:39:03','2020-07-22 03:38:45','2015-06-04 11:31:06'),(62,'a','2014-01-29','East Vaughnstad','Albania','2020-08-28 01:13:40','2019-03-06 14:30:48','2014-01-12 08:58:54'),(63,'a','1979-03-19','East Stefanie','Tanzania','2020-03-24 22:40:36','2015-10-22 06:19:02','2012-01-07 04:52:54'),(64,'c','1978-05-29','Paucekburgh','Cuba','2020-11-30 14:13:32','2013-08-20 14:36:57','2019-08-16 03:47:49'),(65,'a','2012-03-02','South Jeramy','Austria','2020-11-05 22:41:08','2014-02-17 07:48:32','2013-10-14 15:08:25'),(66,'c','2003-09-15','Torphymouth','French Polynesia','2021-01-18 05:28:36','2016-10-23 22:42:02','2016-07-07 04:13:04'),(67,'a','2021-01-04','South Savannahbury','Ethiopia','2021-01-20 04:25:05','2016-08-19 07:59:14','2012-11-01 07:05:27'),(68,'b','1986-11-11','Lake Faustotown','Costa Rica','2020-10-09 18:42:21','2014-06-14 06:35:44','2019-08-19 23:44:01'),(69,'a','1997-09-13','Mertzland','Central African Republic','2020-06-25 15:08:08','2014-09-30 20:57:04','2018-07-06 16:36:29'),(70,'a','2012-05-17','Lake Carrie','Bolivia','2020-12-27 14:44:22','2018-05-08 02:22:12','2018-10-18 01:46:15'),(71,'c','2014-07-24','Luluton','Burundi','2020-09-29 17:01:23','2014-08-25 22:12:27','2019-03-19 12:29:48'),(72,'a','1979-12-01','Howellport','Norfolk Island','2020-03-28 08:27:56','2021-02-03 13:25:28','2018-03-20 02:46:12'),(73,'c','1986-03-20','East Vivaport','Cambodia','2021-02-01 02:26:47','2015-03-04 01:18:20','2012-09-03 00:02:08'),(74,'c','1981-01-10','Dellabury','Afghanistan','2020-10-07 00:13:19','2016-08-24 03:11:41','2018-08-28 19:43:43'),(75,'b','1997-01-17','New Ryann','Liberia','2020-05-19 17:15:46','2021-01-28 04:27:55','2017-05-07 00:50:10'),(76,'b','2009-06-13','Blancheville','Australia','2020-04-20 21:12:11','2016-05-07 04:48:51','2019-03-03 07:51:44'),(77,'c','1988-12-11','Mayerfort','Sierra Leone','2020-04-29 06:21:07','2016-11-04 05:05:40','2017-03-25 04:28:32'),(78,'b','2016-06-17','New Emilview','French Guiana','2020-04-18 15:11:09','2013-12-08 03:19:42','2020-01-20 15:57:36'),(79,'a','1990-04-24','South Lew','Singapore','2020-02-24 01:44:57','2014-04-21 11:29:54','2021-01-25 04:40:37'),(80,'b','1976-04-30','Assuntaville','Solomon Islands','2020-10-30 13:24:36','2017-11-09 21:25:28','2013-11-30 20:07:50'),(81,'c','1990-08-29','Andreanneside','Brazil','2020-07-09 16:37:41','2018-01-08 07:54:07','2020-04-09 15:17:43'),(82,'c','1985-09-13','South Dwightmouth','Jamaica','2020-03-14 15:31:41','2016-07-22 16:08:15','2017-09-30 07:59:03'),(83,'c','1975-12-15','Rathmouth','Lithuania','2020-10-13 10:27:20','2019-05-18 15:17:40','2015-10-20 19:14:26'),(84,'c','1995-12-20','North Murphy','Mexico','2020-08-24 03:54:38','2015-01-16 17:19:36','2018-04-12 18:55:27'),(85,'b','1972-09-12','East Kiratown','Fiji','2020-06-11 03:14:12','2019-10-04 18:01:17','2018-04-25 13:24:50'),(86,'a','2017-03-16','Ernserfort','Lesotho','2020-09-06 13:33:27','2012-09-26 15:52:59','2013-04-18 23:29:49'),(87,'b','1991-10-03','Earleneton','Ukraine','2020-08-15 23:25:28','2015-10-30 22:20:04','2017-11-03 13:57:27'),(88,'b','2000-09-05','Beierburgh','Croatia','2020-08-31 17:13:05','2018-10-03 15:22:09','2013-09-25 12:26:23'),(89,'a','1975-12-19','Tillmanport','Chile','2020-07-03 10:35:36','2017-11-17 07:32:11','2020-12-19 12:15:54'),(90,'c','2013-03-11','East Sterling','Mayotte','2020-05-19 06:50:32','2014-04-30 07:01:05','2016-01-21 12:02:41'),(91,'a','1989-04-21','New Darrick','Luxembourg','2020-05-20 14:43:09','2014-12-26 15:19:51','2012-01-27 04:11:05'),(92,'c','2020-05-24','New Tellyland','United States Virgin Islands','2020-10-25 04:56:32','2011-07-17 05:00:31','2019-11-01 15:19:36'),(93,'a','1986-01-19','Quigleystad','Peru','2020-09-06 10:30:17','2014-11-07 10:15:27','2015-09-05 02:18:27'),(94,'a','2002-12-04','Port Larissaburgh','Aruba','2020-07-14 05:27:53','2018-11-17 17:41:11','2014-03-27 02:47:39'),(95,'a','2019-04-14','Port Carleton','Egypt','2020-11-10 23:51:38','2013-07-22 06:54:26','2013-11-09 06:42:12'),(96,'b','1986-11-17','Nyafurt','Gambia','2020-08-15 08:22:30','2016-01-25 18:56:05','2018-05-28 14:36:45'),(97,'a','1975-09-12','Kesslerhaven','Sierra Leone','2020-02-22 11:38:21','2015-01-16 11:33:53','2012-03-28 23:18:05'),(98,'b','1989-12-14','North Kelvin','Djibouti','2020-07-12 11:44:52','2014-11-25 18:23:52','2014-10-21 01:00:04'),(99,'b','2008-07-18','Jaylanhaven','Pitcairn Islands','2020-03-31 10:42:03','2012-04-20 23:26:08','2018-11-05 11:10:20'),(100,'b','1973-01-16','South Cordelia','United States of America','2020-03-26 15:06:10','2015-10-29 23:27:41','2018-05-10 07:07:13');
/*!40000 ALTER TABLE `profiles` ENABLE KEYS */;
UNLOCK TABLES;

--
-- Table structure for table `users`
--

DROP TABLE IF EXISTS `users`;
/*!40101 SET @saved_cs_client     = @@character_set_client */;
/*!50503 SET character_set_client = utf8mb4 */;
CREATE TABLE `users` (
  `id` int unsigned NOT NULL AUTO_INCREMENT COMMENT 'Идентификатор строки',
  `first_name` varchar(100) CHARACTER SET utf8mb4 COLLATE utf8mb4_unicode_ci NOT NULL COMMENT 'Имя пользователя',
  `last_name` varchar(100) CHARACTER SET utf8mb4 COLLATE utf8mb4_unicode_ci NOT NULL COMMENT 'Фамилия пользователя',
  `email` varchar(100) CHARACTER SET utf8mb4 COLLATE utf8mb4_unicode_ci NOT NULL COMMENT 'Почта',
  `phone` varchar(100) CHARACTER SET utf8mb4 COLLATE utf8mb4_unicode_ci NOT NULL COMMENT 'Телефон',
  `created_at` datetime DEFAULT CURRENT_TIMESTAMP COMMENT 'Время создания строки',
  `updated_at` datetime DEFAULT CURRENT_TIMESTAMP ON UPDATE CURRENT_TIMESTAMP COMMENT 'Время обновления строки',
  PRIMARY KEY (`id`),
  UNIQUE KEY `email` (`email`),
  UNIQUE KEY `phone` (`phone`)
) ENGINE=InnoDB AUTO_INCREMENT=101 DEFAULT CHARSET=utf8mb4 COLLATE=utf8mb4_unicode_ci COMMENT='Пользователи';
/*!40101 SET character_set_client = @saved_cs_client */;

--
-- Dumping data for table `users`
--

LOCK TABLES `users` WRITE;
/*!40000 ALTER TABLE `users` DISABLE KEYS */;
INSERT INTO `users` VALUES (1,'Domingo','Little','shany.friesen@example.com','110-894-2817x602','2013-09-01 13:45:29','2014-03-11 20:18:40'),(2,'Toby','Greenfelder','mervin.bednar@example.com','09634575123','2018-01-21 04:16:38','2013-02-26 10:18:20'),(3,'Wyatt','Roberts','fcummerata@example.com','(662)714-2222x085','2016-10-09 20:03:44','2018-09-24 01:04:16'),(4,'Bryana','Hoeger','pbarrows@example.com','247-804-9577x20524','2016-06-16 01:40:06','2016-03-20 23:58:37'),(5,'Elroy','Wintheiser','brandt49@example.net','079-725-6424','2013-03-29 03:45:27','2011-03-21 18:45:44'),(6,'Triston','Will','mshields@example.net','(084)799-9417','2014-01-01 20:58:09','2018-06-02 20:40:07'),(7,'Kadin','Wolff','urau@example.org','672-106-7849x01646','2017-04-18 16:34:52','2016-09-11 00:57:03'),(8,'Jessica','Bergstrom','theron.hamill@example.net','458.311.7464x6416','2015-05-08 21:53:14','2012-03-14 12:19:36'),(9,'Catharine','Champlin','osvaldo.graham@example.com','603.114.6348x980','2014-12-08 18:03:49','2012-03-29 07:48:24'),(10,'Estrella','Hilll','kimberly51@example.com','(062)708-0285','2016-12-07 19:38:04','2018-08-07 11:32:57'),(11,'Patricia','O\'Reilly','lesley84@example.com','189.784.6926','2011-09-19 23:42:38','2011-10-04 18:41:32'),(12,'Jessika','Paucek','isauer@example.org','557-199-6396x6021','2014-01-05 09:09:49','2014-08-01 16:44:05'),(13,'Kaya','Predovic','casandra.ryan@example.com','(075)383-3320x5315','2014-11-23 00:59:20','2016-02-05 18:08:15'),(14,'Eudora','Cormier','fdach@example.org','894-473-6024','2015-07-04 04:53:02','2016-01-26 21:27:13'),(15,'Daisha','Cormier','dannie.mertz@example.com','261.066.6420x6613','2012-02-23 13:29:43','2016-02-29 02:47:50'),(16,'Aaron','Lakin','schaefer.lyla@example.com','(870)171-9690','2014-02-06 02:26:31','2017-09-24 15:36:38'),(17,'Crystel','Hansen','christop54@example.com','003.275.1621x648','2020-06-30 09:12:01','2020-05-07 11:41:35'),(18,'Cathryn','Osinski','eulalia.maggio@example.com','277.555.2601','2014-09-10 01:07:13','2017-01-10 10:33:16'),(19,'Tyrese','Boehm','alexandre.luettgen@example.net','186-804-0316x58999','2012-02-10 21:48:37','2013-10-04 01:47:53'),(20,'Marguerite','Cremin','kuphal.cathy@example.net','06375736104','2017-05-19 15:16:30','2019-07-24 17:57:23'),(21,'Hollis','Toy','jbrekke@example.org','509.708.2083x16548','2019-03-21 08:05:01','2020-02-29 23:46:18'),(22,'Selena','Dicki','henri.carroll@example.com','(844)741-0654','2019-07-23 10:46:41','2019-01-12 10:55:05'),(23,'Angelica','Hirthe','lionel.o\'hara@example.net','770-106-9930x18082','2017-12-14 12:11:51','2018-11-20 16:13:02'),(24,'Luther','Hessel','zstiedemann@example.org','1-306-928-8982','2017-05-30 18:57:19','2021-01-16 19:20:02'),(25,'Nettie','Botsford','monserrate40@example.net','397.526.7523','2016-01-17 22:22:48','2016-12-13 05:32:52'),(26,'Tiana','Schultz','celine.turcotte@example.net','943.422.9249','2020-09-22 00:24:16','2018-09-26 05:25:53'),(27,'Precious','Lakin','ekiehn@example.com','974.476.4246x5975','2011-12-08 03:52:19','2018-06-18 09:53:59'),(28,'Alba','Will','sienna31@example.org','115-277-5167','2011-06-12 02:37:18','2017-05-10 19:46:21'),(29,'Denis','Roob','eboyer@example.org','1-261-381-8946','2017-06-04 14:04:41','2012-12-12 01:52:22'),(30,'Kathryn','Kessler','josefina.franecki@example.net','891-407-8872','2020-04-17 02:02:55','2014-01-11 05:28:27'),(31,'Alf','Kuphal','willard34@example.net','801-211-2612x361','2018-10-17 06:15:21','2013-03-11 04:10:54'),(32,'Jared','Hauck','yadira.macejkovic@example.net','077.432.2310x275','2015-09-12 20:40:12','2018-04-23 09:24:28'),(33,'Adrianna','Reichert','adriana.christiansen@example.org','1-686-505-0474','2015-05-20 11:41:46','2018-01-15 06:04:42'),(34,'Einar','Kassulke','lillian31@example.net','04142739111','2020-04-22 02:46:58','2014-05-11 01:30:45'),(35,'Sabrina','Grimes','kozey.otis@example.com','(192)543-3946x853','2019-09-30 05:05:52','2012-12-27 19:10:37'),(36,'Ethyl','Blick','lreilly@example.net','(348)161-6690x748','2014-11-01 06:42:38','2012-11-07 19:17:59'),(37,'Joelle','Gleason','dkling@example.org','1-916-162-1069x241','2020-12-26 14:51:37','2019-05-10 05:49:34'),(38,'Norval','McClure','wilson64@example.org','883.362.2262','2015-03-22 16:43:00','2014-01-09 04:51:56'),(39,'Lulu','Schroeder','bethel.mckenzie@example.com','680-433-6297','2014-05-02 13:27:07','2018-06-08 19:59:33'),(40,'Jorge','Kirlin','jackson70@example.com','218.703.7380','2019-02-20 22:28:02','2017-09-06 09:03:28'),(41,'Eliseo','Hintz','kovacek.karine@example.org','(789)017-4016','2017-03-14 08:45:35','2012-10-03 06:15:20'),(42,'Kris','Conroy','keely98@example.net','(855)662-9817x5999','2019-07-11 09:23:58','2015-04-30 20:54:13'),(43,'Lamont','Romaguera','ogoodwin@example.net','1-588-767-0643','2015-06-07 14:51:14','2020-02-16 16:46:49'),(44,'Gerry','Kuphal','lubowitz.johnpaul@example.org','113.120.2074','2015-03-27 14:46:13','2011-10-09 01:48:01'),(45,'Maddison','Pfeffer','prohaska.roma@example.com','04569095387','2020-01-17 16:54:14','2020-10-06 09:46:05'),(46,'Sid','Wintheiser','ffisher@example.org','(855)056-7252x40181','2013-09-18 07:31:17','2017-08-07 11:43:20'),(47,'Kendra','Cronin','brian86@example.net','(496)224-3668','2014-04-18 01:33:32','2016-11-16 15:50:28'),(48,'Elza','Lind','hester.koss@example.net','(650)935-1385x531','2011-11-02 13:23:10','2011-06-26 21:14:09'),(49,'Wade','Brown','amira.veum@example.org','1-248-207-6134','2014-02-09 13:43:14','2011-07-08 12:51:17'),(50,'Nikita','Goyette','levi53@example.net','1-631-489-1729x08309','2012-10-31 05:08:07','2016-09-18 11:58:25'),(51,'Oceane','Zboncak','kkohler@example.org','502-702-1045x859','2020-12-26 12:10:19','2012-05-27 02:34:08'),(52,'Porter','Johnston','schoen.maribel@example.net','+66(6)8395656420','2017-11-23 03:38:24','2016-05-24 10:02:01'),(53,'Kelton','Cormier','mills.keanu@example.org','261-478-9477x049','2017-09-16 14:59:27','2018-07-01 09:22:33'),(54,'Kaia','Gutmann','hahn.marguerite@example.org','1-682-358-9491','2012-08-13 18:10:02','2018-07-11 05:30:29'),(55,'Mitchel','Hermann','daniella23@example.net','(526)458-8543x677','2020-02-22 07:08:40','2019-09-05 17:08:06'),(56,'Norwood','Farrell','kuhlman.aiden@example.org','(284)893-8203x30580','2018-01-29 17:00:39','2016-10-18 00:09:25'),(57,'Antonia','Ledner','don.feest@example.com','+06(0)0793776318','2016-05-08 10:25:43','2015-04-27 19:16:03'),(58,'Ashtyn','Conn','meda71@example.org','(324)361-9986x34152','2020-06-18 01:53:59','2020-04-27 13:04:26'),(59,'Orie','Carter','vincent.orn@example.net','(515)028-2877x761','2018-09-14 06:32:00','2020-09-04 22:10:37'),(60,'Lester','Romaguera','littel.madalyn@example.org','02138844231','2015-01-10 22:53:10','2012-10-10 09:28:51'),(61,'Verda','Reinger','tmoore@example.com','257-514-3460x83071','2016-10-05 20:54:01','2020-07-08 03:00:59'),(62,'Maria','Bosco','roberts.darien@example.net','378.510.7612','2019-03-03 00:30:53','2015-04-13 06:23:42'),(63,'Annabelle','Hoppe','kgoodwin@example.org','407-229-8753x664','2019-02-10 00:15:54','2012-02-14 10:19:57'),(64,'Roman','Glover','zswaniawski@example.net','134-774-2228','2012-03-03 05:42:36','2011-03-28 13:00:14'),(65,'Nestor','Bernhard','micaela73@example.org','1-527-148-8557x39133','2019-02-15 00:08:43','2017-06-20 01:47:41'),(66,'Chelsie','Keeling','gquitzon@example.org','128.404.6358','2011-04-11 23:50:46','2013-09-22 16:31:50'),(67,'Tara','Homenick','hkulas@example.com','589-348-3581x1790','2019-04-26 05:11:30','2019-04-04 16:27:40'),(68,'Taya','Nicolas','trinity.barton@example.com','658.979.1203x2031','2015-04-21 06:34:01','2017-05-03 05:59:56'),(69,'Douglas','Douglas','breitenberg.yesenia@example.com','1-961-436-4528x367','2013-12-25 00:38:46','2015-07-06 11:06:46'),(70,'Geovanny','Nitzsche','dare.eleonore@example.com','(316)809-4970x045','2018-01-28 12:44:42','2021-01-27 04:21:27'),(71,'Abe','Dickinson','ryan.guido@example.net','(931)276-9190x7758','2013-03-15 17:23:53','2013-09-24 11:42:26'),(72,'Joanne','Hartmann','kasandra81@example.com','(471)754-9075x294','2017-03-02 12:34:39','2011-06-14 17:46:21'),(73,'Lou','Ledner','rquitzon@example.net','1-842-467-5410x68059','2017-11-09 21:08:57','2019-08-12 03:58:49'),(74,'Angelo','Barton','ko\'keefe@example.net','009.823.4425x47969','2021-02-05 02:54:01','2012-06-25 00:16:38'),(75,'Jeremie','Koelpin','lgreenfelder@example.net','718.601.8917','2011-04-13 10:15:46','2016-06-07 16:55:19'),(76,'Keaton','Kozey','tressie.yundt@example.org','1-595-636-9981','2017-03-03 03:56:45','2020-03-08 03:52:39'),(77,'Judd','Quigley','abruen@example.com','1-382-823-6249x4463','2019-09-07 06:21:03','2013-05-24 18:44:21'),(78,'Vicenta','Herman','hartmann.ashly@example.net','+70(1)7656990306','2019-07-06 21:04:08','2012-11-03 06:33:58'),(79,'Ansley','Carter','runolfsson.gretchen@example.org','088-109-8471x96234','2014-03-19 19:59:55','2020-12-08 05:38:43'),(80,'Jermaine','Hamill','brooke.bins@example.org','(978)500-3483x2033','2017-10-08 13:17:16','2020-06-26 14:39:39'),(81,'Gust','Tillman','qglover@example.org','521.898.2126','2019-03-25 06:32:40','2019-01-13 05:36:59'),(82,'Lorine','Dietrich','watson.spencer@example.org','(427)073-1683','2018-05-15 13:17:02','2020-09-04 09:59:39'),(83,'Dallas','West','dagmar.mann@example.com','+29(7)4970383268','2011-04-23 03:17:54','2017-12-25 22:43:49'),(84,'Gay','Upton','camila69@example.org','846-975-5684','2011-10-24 04:19:55','2012-01-19 22:26:24'),(85,'Lauren','Gulgowski','thompson.lempi@example.org','940-254-2306x9727','2020-02-10 05:52:51','2014-12-01 08:47:12'),(86,'Aaron','Senger','nayeli.schultz@example.net','(188)463-6555x0037','2014-07-16 03:11:08','2016-07-06 07:08:17'),(87,'Grady','Stoltenberg','hailee06@example.net','132-066-2410x979','2012-05-16 08:19:26','2014-12-01 09:27:26'),(88,'Madalyn','Runte','mheathcote@example.com','+38(2)7368701690','2018-04-12 09:33:23','2014-12-15 03:04:08'),(89,'Johnpaul','Conn','trever02@example.org','(645)674-7327x071','2015-03-26 03:39:10','2012-01-02 16:00:47'),(90,'Kamron','Dibbert','terry.adele@example.org','1-034-449-0728x618','2016-10-19 17:47:15','2020-07-03 15:17:15'),(91,'Estell','Volkman','xpacocha@example.org','05420376108','2013-08-31 18:07:49','2017-09-19 14:30:13'),(92,'Jaydon','Bruen','cferry@example.org','715-856-9441','2016-06-17 22:11:31','2014-10-27 01:00:00'),(93,'Kaylah','Durgan','antonette94@example.com','420-330-9502x91049','2018-01-18 19:02:44','2015-09-28 08:31:11'),(94,'Sister','Powlowski','btoy@example.org','1-453-275-5473','2017-10-11 09:41:02','2016-10-25 07:11:38'),(95,'Miles','Turner','ines.torphy@example.com','(319)523-4228x371','2011-11-09 12:18:54','2019-09-06 07:01:50'),(96,'Phoebe','Cummerata','modesta85@example.net','+85(0)6197838518','2013-06-21 03:56:04','2015-05-31 14:31:36'),(97,'Jaunita','Cruickshank','lauryn52@example.org','(796)465-5078x41696','2012-09-30 00:05:07','2011-07-29 15:55:36'),(98,'Gardner','Cartwright','hailey73@example.com','713.290.9824','2011-07-05 08:37:40','2014-03-21 13:19:46'),(99,'Josianne','O\'Keefe','nick.wiegand@example.org','1-172-878-9419x15426','2018-10-11 21:17:55','2012-07-02 20:28:20'),(100,'Arnaldo','Bauch','uboehm@example.net','1-967-437-4024x71972','2018-12-27 04:00:39','2012-04-12 12:17:19');
/*!40000 ALTER TABLE `users` ENABLE KEYS */;
UNLOCK TABLES;
/*!40103 SET TIME_ZONE=@OLD_TIME_ZONE */;

/*!40101 SET SQL_MODE=@OLD_SQL_MODE */;
/*!40014 SET FOREIGN_KEY_CHECKS=@OLD_FOREIGN_KEY_CHECKS */;
/*!40014 SET UNIQUE_CHECKS=@OLD_UNIQUE_CHECKS */;
/*!40101 SET CHARACTER_SET_CLIENT=@OLD_CHARACTER_SET_CLIENT */;
/*!40101 SET CHARACTER_SET_RESULTS=@OLD_CHARACTER_SET_RESULTS */;
/*!40101 SET COLLATION_CONNECTION=@OLD_COLLATION_CONNECTION */;
/*!40111 SET SQL_NOTES=@OLD_SQL_NOTES */;

-- Dump completed on 2021-02-22  0:14:31
